Supplier name,Product type,Lead time,Order quantities,Price,Manufacturing costs
FreshMart Distributors,Coffee,15,78,4.99,3.24
SafeHands Delivery,Cooking Oils,5,1504,33.8,22.45
FreshMart Distributors,Tea,17,1183,12.39,6.84
AllStar Wholesale,Cooking Oils,16,944,5.97,3.51
SouthBay Distributors,Coffee,17,1686,3.49,1.84
ValuePack Wholesale,Health Supplements,4,1287,33.09,21.16
CityLink Logistics,Biscuits,9,663,27.0,11.75
DailyGoods Partners,Beverages,20,1679,8.07,4.11
SafeHands Delivery,Frozen Foods,13,1324,22.61,10.55
PeakFresh Supply,Tea,10,1657,31.43,21.01
TopLine Distributors,Chips,5,399,31.38,12.98
EveryDay Supply Co,Chips,10,1705,13.97,7.54
GreatLakes Wholesale,Pet Food,14,1260,33.45,18.73
PacificRim Trading,Biscuits,2,235,9.17,5.8
SteadyFlow Trading,Pet Food,14,1683,7.11,3.98
PeakFresh Supply,Bakery Items,2,1810,25.83,10.63
AllStar Wholesale,Coffee,3,1672,4.54,2.37
ClearView Logistics,Frozen Foods,3,1555,29.94,18.43
SafeHands Delivery,Snacks,9,1896,17.67,8.85
AllStar Wholesale,Dry Fruits,5,701,6.86,3.65
NorthStar Logistics,Pet Food,4,942,32.18,14.34
EveryDay Supply Co,Sauces,13,1159,38.89,26.33
FairTrade Supply,Condiments,14,1802,44.43,19.54
AllStar Wholesale,Cereals,14,1101,22.74,15.41
MidWest Distributors,Snacks,21,353,9.23,6.11
AllStar Wholesale,Snacks,19,1985,41.25,21.29
TrustChain Supply,Beverages,21,949,25.82,17.54
EastCoast Supply Co,Condiments,19,1069,41.14,26.54
GoldStar Wholesale,Condiments,11,1876,6.6,2.75
GreenValley Foods,Cleaning Products,2,945,18.44,10.36
BlueLine Distributors,Rice,9,1794,32.45,20.86
EveryDay Supply Co,Cereals,2,1599,1.75,0.93
FastRoute Commerce,Health Supplements,12,1763,29.78,15.61
WellStock Partners,Biscuits,21,1476,38.59,22.71
GreatLakes Wholesale,Snacks,14,615,26.09,17.08
FastRoute Commerce,Coffee,13,1327,36.16,17.55
SafeHands Delivery,Dry Fruits,3,1351,37.62,18.6
GoldStar Wholesale,Cereals,3,588,21.94,9.61
ClearView Logistics,Chocolate,20,98,8.45,4.53
TrustChain Supply,Cooking Oils,5,435,1.69,1.15
GreenValley Foods,Spices,3,1887,38.66,25.84
GoldStar Wholesale,Spices,17,722,14.5,6.71
GoldStar Wholesale,Chocolate,2,1159,13.8,7.53
FreshMart Distributors,Sauces,7,1095,8.66,4.31
FreshMart Distributors,Tea,7,755,15.19,6.91
AllStar Wholesale,Health Supplements,6,1148,17.19,8.52
AllStar Wholesale,Snacks,5,436,15.83,7.53
QuickStock Supply Co,Dairy Products,16,1182,23.69,14.26
SunRise Wholesale,Cooking Oils,2,1523,17.22,7.96
PacificRim Trading,Dry Fruits,5,1846,24.58,11.8
BlueLine Distributors,Beverages,13,1583,5.53,2.69
ValuePack Wholesale,Beverages,2,1058,12.74,8.63
TrustChain Supply,Baby Products,13,188,15.91,9.13
SouthBay Distributors,Condiments,8,1692,35.07,19.0
WellStock Partners,Dry Fruits,6,1656,35.18,20.0
GreatLakes Wholesale,Chips,10,967,11.34,6.12
SmartShelf Trading,Condiments,3,1211,42.2,25.42
CityLink Logistics,Condiments,21,149,17.83,7.41
PeakFresh Supply,Condiments,15,1711,3.47,1.47
BrightPath Distributors,Bakery Items,8,1027,10.43,6.82
SmartShelf Trading,Dairy Products,6,1371,15.11,10.52
QuickStock Supply Co,Chips,9,1880,20.22,11.6
PacificRim Trading,Condiments,15,659,10.53,5.56
TopLine Distributors,Health Supplements,8,222,30.11,20.18
SteadyFlow Trading,Health Supplements,21,1672,13.68,9.38
GoldStar Wholesale,Pet Food,5,803,2.88,1.62
SteadyFlow Trading,Bakery Items,11,831,32.0,20.38
SouthBay Distributors,Bakery Items,19,966,28.36,16.27
GreatLakes Wholesale,Fresh Juice,9,541,43.94,27.59
ValuePack Wholesale,Condiments,2,625,8.27,5.35
FastRoute Commerce,Cereals,18,1125,28.96,13.66
TopLine Distributors,Chips,14,58,34.93,17.37
SmartShelf Trading,Baby Products,6,1065,2.2,0.88
SunRise Wholesale,Rice,9,1636,37.82,25.53
SouthBay Distributors,Sauces,15,1104,14.69,6.05
CorePath Trading,Cleaning Products,6,846,3.36,1.51
SteadyFlow Trading,Coffee,18,1291,19.7,10.4
PeakFresh Supply,Chocolate,2,780,10.42,7.28
DailyGoods Partners,Chocolate,3,1776,25.63,14.3
ValuePack Wholesale,Condiments,8,1858,38.67,22.01
FreshMart Distributors,Dairy Products,21,1682,44.7,25.15
BrightPath Distributors,Tea,17,153,28.94,15.63
PrimeFresh Trading,Chocolate,14,333,6.04,3.44
TopLine Distributors,Cleaning Products,15,1769,9.68,5.21
SouthBay Distributors,Personal Care,7,1085,29.73,12.5
PeakFresh Supply,Biscuits,20,843,1.99,1.02
GreatLakes Wholesale,Sauces,18,1444,41.0,17.18
SouthBay Distributors,Frozen Foods,17,1254,3.54,2.19
CityLink Logistics,Cooking Oils,7,1164,30.73,15.77
BlueLine Distributors,Beverages,15,1168,35.27,21.28
SmartShelf Trading,Canned Goods,7,1342,13.92,8.35
SmartShelf Trading,Tea,21,956,1.86,0.81
GoldStar Wholesale,Snacks,18,484,13.0,8.03
SmartShelf Trading,Biscuits,13,1862,33.06,15.78
BlueLine Distributors,Tea,19,1224,3.44,2.22
TrustChain Supply,Biscuits,9,444,12.59,8.44
SteadyFlow Trading,Biscuits,14,1929,31.6,21.32
ClearView Logistics,Canned Goods,14,172,9.45,4.39
TopLine Distributors,Chocolate,2,914,32.09,20.03
PeakFresh Supply,Rice,3,705,41.6,24.2
EveryDay Supply Co,Coffee,11,505,29.36,16.42
FairTrade Supply,Biscuits,2,1774,32.07,17.11
CityLink Logistics,Cleaning Products,12,1495,41.61,19.66
PrimeFresh Trading,Canned Goods,15,1555,39.64,22.11
CorePath Trading,Beverages,11,1883,4.99,3.17
SteadyFlow Trading,Coffee,19,1996,29.19,13.73
FairTrade Supply,Tea,8,1513,4.89,3.16
PrimeFresh Trading,Coffee,12,844,44.23,21.28
SmartShelf Trading,Dry Fruits,10,1529,12.46,5.72
PrimeFresh Trading,Coffee,19,375,21.06,12.99
GreenValley Foods,Cooking Oils,21,1028,19.27,8.49
BlueLine Distributors,Rice,2,1937,41.1,22.86
WellStock Partners,Sauces,10,1886,2.09,0.91
SafeHands Delivery,Tea,11,882,43.72,19.31
SmartShelf Trading,Dry Fruits,17,1096,30.31,19.78
SteadyFlow Trading,Cleaning Products,6,697,40.78,24.44
BrightPath Distributors,Canned Goods,10,734,25.96,13.67
SafeHands Delivery,Frozen Foods,21,415,26.41,11.0
SafeHands Delivery,Frozen Foods,6,1521,19.77,11.56
GreenValley Foods,Fresh Juice,2,252,15.18,9.59
PrimeFresh Trading,Cereals,18,385,20.57,13.93
FastRoute Commerce,Biscuits,15,1424,24.88,11.58
FastRoute Commerce,Dry Fruits,6,1695,10.33,5.79
SunRise Wholesale,Dry Fruits,18,849,7.5,3.81
GreatLakes Wholesale,Pasta,15,1379,23.29,12.26
EveryDay Supply Co,Fresh Juice,15,227,4.13,2.1
AllStar Wholesale,Coffee,10,1363,25.63,14.55
BrightPath Distributors,Condiments,17,1384,41.78,25.56
EastCoast Supply Co,Pet Food,20,379,19.35,10.53
ClearView Logistics,Cooking Oils,2,1376,18.85,7.84
QuickStock Supply Co,Canned Goods,15,894,38.99,25.6
ClearView Logistics,Snacks,20,1687,20.38,9.89
MidWest Distributors,Snacks,20,1907,38.79,15.59
SmartShelf Trading,Bakery Items,15,853,16.97,10.18
PacificRim Trading,Spices,11,745,42.51,28.93
FastRoute Commerce,Snacks,3,246,22.14,12.3
TrustChain Supply,Sauces,6,1390,33.48,18.32
BrightPath Distributors,Pet Food,7,1697,37.27,25.1
SteadyFlow Trading,Frozen Foods,6,746,30.44,17.2
BlueLine Distributors,Tea,8,165,23.21,15.96
CityLink Logistics,Bakery Items,15,862,17.75,11.22
NorthStar Logistics,Chips,5,143,34.1,14.24
GoldStar Wholesale,Personal Care,14,1588,40.98,27.02
EastCoast Supply Co,Coffee,4,487,30.6,14.56
ClearView Logistics,Canned Goods,13,118,42.85,22.37
CityLink Logistics,Canned Goods,16,911,41.0,19.56
BrightPath Distributors,Chips,11,1612,30.71,15.4
SouthBay Distributors,Fresh Juice,13,174,38.36,26.54
BrightPath Distributors,Coffee,17,1426,38.47,16.31
PeakFresh Supply,Beverages,7,1091,17.77,10.16
AllStar Wholesale,Condiments,19,1150,32.87,16.53
SmartShelf Trading,Cleaning Products,19,1060,41.65,23.7
FairTrade Supply,Frozen Foods,3,583,32.98,19.85
GreatLakes Wholesale,Spices,7,1666,43.45,27.0
EastCoast Supply Co,Frozen Foods,9,151,36.55,15.71
SouthBay Distributors,Pasta,9,91,41.1,19.47
ValuePack Wholesale,Dry Fruits,17,987,32.16,15.71
SunRise Wholesale,Rice,9,516,35.24,24.41
EveryDay Supply Co,Health Supplements,11,756,31.04,17.31
SouthBay Distributors,Coffee,11,1848,32.27,15.76
PacificRim Trading,Coffee,16,315,12.89,7.62
NorthStar Logistics,Baby Products,10,1920,28.49,12.68
PacificRim Trading,Baby Products,18,482,30.28,14.8
EveryDay Supply Co,Beverages,15,972,28.81,18.37
PacificRim Trading,Dairy Products,2,115,27.44,14.62
BrightPath Distributors,Rice,7,1306,23.59,13.53
FastRoute Commerce,Dairy Products,14,1352,12.8,5.59
BlueLine Distributors,Canned Goods,15,778,23.51,16.18
CorePath Trading,Pet Food,3,1933,39.2,17.8
BlueLine Distributors,Chips,4,53,16.39,8.34
EveryDay Supply Co,Chips,20,231,17.23,11.28
BlueLine Distributors,Baby Products,10,518,13.01,9.06
GreatLakes Wholesale,Sauces,13,289,29.8,20.81
FastRoute Commerce,Rice,8,1932,13.04,5.43
PacificRim Trading,Tea,2,1102,35.09,18.4
ClearView Logistics,Condiments,4,1975,33.42,19.29
SmartShelf Trading,Cleaning Products,11,538,15.54,8.31
FairTrade Supply,Cleaning Products,10,1804,15.69,6.37
CorePath Trading,Condiments,5,369,24.25,10.23
PrimeFresh Trading,Dairy Products,7,855,14.92,6.65
TopLine Distributors,Chocolate,4,704,12.64,7.97
GoldStar Wholesale,Chocolate,20,495,34.87,20.6
SafeHands Delivery,Snacks,17,169,17.59,7.19
FreshMart Distributors,Dry Fruits,13,1989,29.57,12.01
NorthStar Logistics,Canned Goods,14,1419,10.95,5.84
CityLink Logistics,Pasta,8,316,20.09,10.77
FreshMart Distributors,Pet Food,17,1291,24.35,11.61
CorePath Trading,Snacks,17,1101,28.54,18.19
PacificRim Trading,Cleaning Products,9,953,27.79,15.43
CorePath Trading,Personal Care,12,383,31.97,19.04
SmartShelf Trading,Chips,21,940,37.86,17.36
EveryDay Supply Co,Bakery Items,18,665,17.24,8.28
PacificRim Trading,Personal Care,20,1166,30.8,21.39
SouthBay Distributors,Cooking Oils,16,1520,40.23,17.95
CityLink Logistics,Sauces,6,1570,27.8,11.96
MidWest Distributors,Cooking Oils,5,696,27.74,15.9
CityLink Logistics,Coffee,11,964,38.57,21.72
FairTrade Supply,Coffee,5,789,29.46,18.28
DailyGoods Partners,Condiments,4,1376,20.9,14.26
FastRoute Commerce,Dairy Products,8,1363,14.5,7.95
GreatLakes Wholesale,Sauces,4,1312,37.69,23.55
PacificRim Trading,Tea,14,788,28.92,12.8
MidWest Distributors,Beverages,2,1659,3.39,1.86
PeakFresh Supply,Rice,21,1629,25.99,17.32
EastCoast Supply Co,Chocolate,16,165,34.93,17.65
ClearView Logistics,Canned Goods,12,515,23.8,14.17
PacificRim Trading,Cleaning Products,15,445,5.66,3.45
SteadyFlow Trading,Condiments,17,1759,40.54,28.21
DailyGoods Partners,Frozen Foods,19,1007,29.07,19.54
TopLine Distributors,Frozen Foods,17,637,30.89,19.71
SunRise Wholesale,Frozen Foods,7,859,41.12,24.79
CorePath Trading,Spices,8,231,4.84,3.22
CityLink Logistics,Personal Care,10,1605,36.0,20.22
ValuePack Wholesale,Personal Care,2,960,15.64,9.08
FairTrade Supply,Bakery Items,11,1813,29.82,14.17
SmartShelf Trading,Pasta,5,1265,32.23,16.52
TrustChain Supply,Spices,20,1605,34.68,17.87
ClearView Logistics,Pasta,8,1182,13.59,9.37
SouthBay Distributors,Health Supplements,6,1620,22.95,15.66
QuickStock Supply Co,Cooking Oils,16,1798,41.67,24.99
PeakFresh Supply,Chocolate,12,61,29.65,12.38
TopLine Distributors,Bakery Items,19,369,16.71,9.92
PrimeFresh Trading,Beverages,8,233,29.91,15.86
ValuePack Wholesale,Beverages,17,777,26.69,12.87
EastCoast Supply Co,Baby Products,13,898,20.19,13.6
SmartShelf Trading,Fresh Juice,14,1541,21.47,11.01
FreshMart Distributors,Dairy Products,12,161,32.66,15.36
FreshMart Distributors,Pet Food,4,52,44.45,23.01
AllStar Wholesale,Spices,16,825,31.71,17.07
PeakFresh Supply,Cleaning Products,14,792,33.95,22.57
FairTrade Supply,Canned Goods,20,1366,22.23,15.39
QuickStock Supply Co,Pet Food,3,741,1.62,0.9
SmartShelf Trading,Beverages,6,544,12.1,7.06
BrightPath Distributors,Fresh Juice,7,290,15.01,8.19
FreshMart Distributors,Fresh Juice,5,1765,17.82,11.58
FastRoute Commerce,Tea,9,1762,37.84,15.28
DailyGoods Partners,Pet Food,11,387,25.13,10.05
CorePath Trading,Health Supplements,18,193,29.12,18.92
ValuePack Wholesale,Chips,8,177,42.15,27.02
NorthStar Logistics,Bakery Items,13,1826,3.94,1.71
EastCoast Supply Co,Snacks,15,865,6.8,3.95
FastRoute Commerce,Fresh Juice,16,168,15.93,6.65
PrimeFresh Trading,Bakery Items,16,1395,38.03,22.51
TopLine Distributors,Coffee,16,1296,20.24,9.33
SmartShelf Trading,Chips,11,894,20.78,11.85
SmartShelf Trading,Sauces,3,1175,21.56,12.61
EastCoast Supply Co,Dairy Products,6,356,27.82,18.89
FastRoute Commerce,Beverages,18,1421,34.17,19.21
BrightPath Distributors,Health Supplements,17,976,38.45,21.6
SouthBay Distributors,Chocolate,6,574,35.33,18.96
SmartShelf Trading,Sauces,18,1567,18.54,11.23
CityLink Logistics,Tea,10,1935,23.35,15.92
FastRoute Commerce,Beverages,3,1217,32.52,13.64
SteadyFlow Trading,Pasta,17,1717,15.98,11.13
FreshMart Distributors,Bakery Items,8,1794,34.61,23.62
NorthStar Logistics,Tea,6,1538,30.12,12.64
SteadyFlow Trading,Sauces,16,1616,33.34,23.01
TrustChain Supply,Beverages,19,376,40.92,18.61
BrightPath Distributors,Pet Food,14,681,42.31,25.08
EastCoast Supply Co,Bakery Items,9,970,4.97,3.17
GreenValley Foods,Chips,10,1422,29.33,17.57
MidWest Distributors,Condiments,5,815,40.92,21.38
FastRoute Commerce,Coffee,19,225,36.14,15.74
ClearView Logistics,Dry Fruits,4,796,6.12,3.78
WellStock Partners,Cereals,14,1703,26.74,10.88
TrustChain Supply,Tea,21,148,14.72,9.13
BrightPath Distributors,Dry Fruits,10,172,34.99,21.16
GoldStar Wholesale,Dairy Products,12,251,27.81,12.98
TrustChain Supply,Canned Goods,17,1196,26.06,11.15
PacificRim Trading,Health Supplements,4,1324,44.02,19.73
MidWest Distributors,Biscuits,21,161,2.42,1.33
PeakFresh Supply,Personal Care,3,1361,19.89,13.46
QuickStock Supply Co,Rice,11,1811,5.01,3.35
PeakFresh Supply,Baby Products,14,246,5.97,3.75
TopLine Distributors,Canned Goods,21,619,8.6,3.45
GreatLakes Wholesale,Coffee,3,1190,43.65,21.94
BlueLine Distributors,Baby Products,13,1185,8.18,5.72
FreshMart Distributors,Pasta,21,1376,22.36,13.72
EveryDay Supply Co,Health Supplements,12,1487,22.56,10.95
FreshMart Distributors,Snacks,9,170,10.08,5.14
FairTrade Supply,Chocolate,15,239,20.96,12.09
SmartShelf Trading,Fresh Juice,7,1633,8.13,4.01
BrightPath Distributors,Cleaning Products,16,908,12.98,8.93
SmartShelf Trading,Pasta,20,1776,16.56,9.14
DailyGoods Partners,Frozen Foods,13,204,27.56,11.34
FreshMart Distributors,Canned Goods,14,525,10.73,7.29
EastCoast Supply Co,Canned Goods,6,957,41.49,22.65
SunRise Wholesale,Coffee,3,1138,15.74,7.74
TopLine Distributors,Frozen Foods,15,1086,9.0,5.27
FairTrade Supply,Cooking Oils,13,590,10.14,4.9
GoldStar Wholesale,Frozen Foods,4,543,24.23,9.72
PrimeFresh Trading,Spices,12,1027,19.13,9.24
PrimeFresh Trading,Personal Care,13,1831,43.87,20.32
GoldStar Wholesale,Pet Food,13,804,36.56,17.35
GreatLakes Wholesale,Condiments,17,790,2.11,1.32
SmartShelf Trading,Coffee,9,290,21.63,14.47
EastCoast Supply Co,Spices,6,1445,44.16,20.58
TrustChain Supply,Cereals,10,1480,7.8,4.85
EveryDay Supply Co,Cooking Oils,17,1671,26.56,14.07
PeakFresh Supply,Frozen Foods,19,63,22.85,15.22
AllStar Wholesale,Beverages,2,910,32.36,21.26
SteadyFlow Trading,Pet Food,12,1525,24.26,16.97
BrightPath Distributors,Chocolate,7,1305,40.32,16.63
PacificRim Trading,Personal Care,19,376,24.09,10.99
FairTrade Supply,Cooking Oils,18,952,34.06,19.52
PacificRim Trading,Baby Products,16,97,34.83,23.09
CityLink Logistics,Cleaning Products,13,1829,23.54,12.69
DailyGoods Partners,Sauces,2,1122,4.13,2.09
ValuePack Wholesale,Personal Care,6,906,7.75,3.57
WellStock Partners,Personal Care,4,887,44.72,22.9
FreshMart Distributors,Dairy Products,4,807,10.11,4.46
SafeHands Delivery,Baby Products,2,1638,10.85,5.32
PrimeFresh Trading,Rice,16,1026,41.73,26.17
PacificRim Trading,Health Supplements,19,1093,31.8,16.74
FairTrade Supply,Coffee,4,534,44.45,30.95
EveryDay Supply Co,Biscuits,17,66,24.34,16.03
WellStock Partners,Spices,9,1086,9.52,6.48
GoldStar Wholesale,Baby Products,4,1684,9.15,4.07
MidWest Distributors,Pet Food,9,1399,39.3,20.32
EastCoast Supply Co,Spices,16,1458,34.03,22.24
SunRise Wholesale,Cleaning Products,17,1672,34.55,16.62
BrightPath Distributors,Spices,5,374,28.74,19.49
ValuePack Wholesale,Frozen Foods,6,74,25.06,16.62
DailyGoods Partners,Pasta,15,1752,12.65,6.08
ValuePack Wholesale,Chips,20,1457,33.42,14.59
BlueLine Distributors,Snacks,16,203,25.82,17.16
NorthStar Logistics,Snacks,15,1217,27.28,16.25
SmartShelf Trading,Dry Fruits,10,746,4.73,3.24
TopLine Distributors,Chocolate,8,1112,32.84,19.21
QuickStock Supply Co,Sauces,6,1242,23.96,14.84
FreshMart Distributors,Rice,7,1042,23.55,14.37
MidWest Distributors,Bakery Items,3,552,19.84,9.07
FreshMart Distributors,Cooking Oils,14,1275,15.99,10.97
SunRise Wholesale,Fresh Juice,7,697,28.75,17.42
NorthStar Logistics,Dry Fruits,11,200,7.6,3.77
GoldStar Wholesale,Chocolate,19,1308,26.84,17.13
FreshMart Distributors,Personal Care,19,1871,23.88,15.02
SouthBay Distributors,Sauces,2,1125,4.48,2.98
FreshMart Distributors,Tea,5,628,27.42,12.4
DailyGoods Partners,Health Supplements,14,102,12.14,8.4
BlueLine Distributors,Beverages,18,1381,16.02,9.09
BlueLine Distributors,Rice,10,1651,34.99,16.19
EastCoast Supply Co,Coffee,6,1646,6.41,2.95
PeakFresh Supply,Health Supplements,17,1065,38.64,17.92
GoldStar Wholesale,Cereals,4,1514,27.05,16.37
BlueLine Distributors,Snacks,11,527,23.79,11.64
FastRoute Commerce,Snacks,20,1010,26.29,14.37
SunRise Wholesale,Sauces,18,1516,35.74,16.19
GoldStar Wholesale,Bakery Items,19,1604,43.29,18.17
BlueLine Distributors,Baby Products,17,621,21.63,12.53
WellStock Partners,Health Supplements,9,264,6.85,4.72
AllStar Wholesale,Dry Fruits,16,683,18.36,8.54
ValuePack Wholesale,Personal Care,8,268,7.28,3.98
PrimeFresh Trading,Tea,2,681,9.23,4.37
ValuePack Wholesale,Coffee,12,1127,25.18,10.77
QuickStock Supply Co,Biscuits,12,1301,36.82,15.0
DailyGoods Partners,Beverages,10,288,18.08,7.94
SafeHands Delivery,Frozen Foods,14,233,25.57,14.57
FreshMart Distributors,Chips,13,511,5.71,2.36
GreatLakes Wholesale,Dairy Products,16,1282,30.16,13.7
SteadyFlow Trading,Dairy Products,9,862,39.23,17.69
DailyGoods Partners,Biscuits,2,203,10.87,5.81
GreenValley Foods,Frozen Foods,2,1791,26.11,17.39
GreatLakes Wholesale,Dairy Products,21,688,1.71,1.13
SunRise Wholesale,Pasta,14,1311,18.36,12.11
FastRoute Commerce,Sauces,3,1966,21.75,9.63
CorePath Trading,Frozen Foods,3,1345,33.82,17.23
WellStock Partners,Health Supplements,20,1179,1.81,1.12
GreatLakes Wholesale,Condiments,13,518,11.98,5.54
FreshMart Distributors,Bakery Items,14,1504,9.66,4.25
QuickStock Supply Co,Snacks,11,1776,37.76,18.19
PrimeFresh Trading,Coffee,9,122,39.71,20.21
QuickStock Supply Co,Baby Products,12,255,10.5,6.27
FreshMart Distributors,Chips,14,957,10.33,6.81
SouthBay Distributors,Chips,6,650,43.93,23.87
QuickStock Supply Co,Cleaning Products,8,742,26.17,15.81
PeakFresh Supply,Spices,9,534,26.01,12.14
NorthStar Logistics,Cereals,18,791,22.4,10.31
SmartShelf Trading,Bakery Items,20,705,39.5,16.03
FreshMart Distributors,Beverages,19,661,5.94,2.63
NorthStar Logistics,Coffee,13,139,5.52,2.72
BlueLine Distributors,Cereals,5,598,18.52,7.44
EastCoast Supply Co,Beverages,9,1232,12.62,7.45
AllStar Wholesale,Cooking Oils,18,1517,30.89,19.01
BrightPath Distributors,Sauces,11,1366,8.52,3.66
PrimeFresh Trading,Pet Food,21,93,7.61,3.43
PrimeFresh Trading,Sauces,13,265,27.6,15.57
SmartShelf Trading,Beverages,14,1573,2.19,1.27
PacificRim Trading,Coffee,13,116,21.36,10.75
SouthBay Distributors,Baby Products,20,1944,8.53,5.5
SafeHands Delivery,Coffee,13,1693,2.41,1.25
GreatLakes Wholesale,Sauces,7,1405,7.82,4.62
BlueLine Distributors,Cleaning Products,11,451,33.4,20.11
AllStar Wholesale,Fresh Juice,19,1851,33.84,20.0
EastCoast Supply Co,Pet Food,17,1656,43.12,17.38
GreatLakes Wholesale,Beverages,10,1781,43.69,24.76
CorePath Trading,Dairy Products,2,1746,11.39,7.23
SteadyFlow Trading,Cereals,11,1049,17.88,8.74
TrustChain Supply,Rice,6,1529,43.43,28.58
CorePath Trading,Bakery Items,20,1966,20.55,10.04
DailyGoods Partners,Dairy Products,11,794,26.75,13.55
GoldStar Wholesale,Snacks,3,347,28.82,19.29
PeakFresh Supply,Baby Products,20,766,14.77,6.78
SteadyFlow Trading,Fresh Juice,10,326,36.8,22.31
EveryDay Supply Co,Pasta,8,895,28.87,11.88
MidWest Distributors,Dry Fruits,2,1208,24.15,10.82
SteadyFlow Trading,Snacks,18,288,12.99,6.87
BrightPath Distributors,Tea,3,358,37.87,19.9
SafeHands Delivery,Rice,5,1057,4.08,2.16
CityLink Logistics,Frozen Foods,13,397,16.1,10.83
DailyGoods Partners,Personal Care,4,435,12.58,5.38
PeakFresh Supply,Frozen Foods,7,1168,2.73,1.56
BrightPath Distributors,Dairy Products,17,807,13.07,5.35
NorthStar Logistics,Cereals,16,1307,3.07,1.94
TrustChain Supply,Biscuits,7,1183,6.44,2.94
DailyGoods Partners,Condiments,21,1571,19.17,11.29
PrimeFresh Trading,Beverages,19,385,36.36,19.16
TopLine Distributors,Cooking Oils,15,2000,6.25,4.02
MidWest Distributors,Sauces,11,841,13.58,7.1
CorePath Trading,Sauces,10,999,25.64,12.99
CityLink Logistics,Spices,3,1186,12.87,6.51
FairTrade Supply,Personal Care,4,1378,39.21,26.1
BrightPath Distributors,Cereals,20,1238,26.07,13.21
GreatLakes Wholesale,Beverages,20,1235,39.96,22.15
PrimeFresh Trading,Beverages,6,1116,16.48,8.25
EastCoast Supply Co,Bakery Items,10,538,24.5,16.11
SteadyFlow Trading,Personal Care,12,338,1.99,0.91
SouthBay Distributors,Personal Care,19,1609,19.31,12.55
PrimeFresh Trading,Biscuits,5,1813,38.01,24.23
BlueLine Distributors,Snacks,13,430,24.56,11.34
SmartShelf Trading,Pet Food,3,1791,38.95,17.86
PeakFresh Supply,Coffee,9,1871,2.15,1.29
FastRoute Commerce,Snacks,9,1201,40.7,19.81
PrimeFresh Trading,Baby Products,15,1355,22.15,14.12
EveryDay Supply Co,Canned Goods,4,1241,39.13,17.1
FreshMart Distributors,Spices,2,1779,22.8,9.81
SafeHands Delivery,Snacks,21,774,44.05,21.5
SouthBay Distributors,Pet Food,11,763,42.22,20.4
PacificRim Trading,Fresh Juice,20,1982,44.49,19.35
BrightPath Distributors,Cereals,18,981,36.23,19.61
GoldStar Wholesale,Cleaning Products,11,553,6.57,3.99
ClearView Logistics,Spices,13,896,23.05,13.43
SmartShelf Trading,Tea,21,384,26.0,11.8
PeakFresh Supply,Cereals,7,1516,22.2,9.99
TrustChain Supply,Cereals,17,1598,3.37,2.03
ClearView Logistics,Dry Fruits,4,1219,30.5,12.57
PeakFresh Supply,Sauces,12,1449,36.55,15.82
SouthBay Distributors,Pasta,4,1453,11.66,5.33
GreatLakes Wholesale,Tea,14,1111,29.86,14.01
EveryDay Supply Co,Pet Food,18,959,18.23,11.09
QuickStock Supply Co,Cleaning Products,15,118,42.07,27.06
ClearView Logistics,Dairy Products,20,261,21.98,8.84
TopLine Distributors,Pasta,7,1822,11.84,7.4
SafeHands Delivery,Pasta,8,997,12.35,5.11
DailyGoods Partners,Dairy Products,18,588,9.89,4.18
AllStar Wholesale,Personal Care,17,1515,6.69,3.55
GoldStar Wholesale,Canned Goods,15,304,4.34,2.7
BrightPath Distributors,Tea,14,1944,40.51,16.51
DailyGoods Partners,Pasta,16,1153,22.44,14.3
FastRoute Commerce,Baby Products,13,689,6.77,4.38
SteadyFlow Trading,Cooking Oils,15,1833,14.78,9.91
DailyGoods Partners,Dairy Products,5,1644,18.74,10.5
EveryDay Supply Co,Frozen Foods,14,874,11.57,6.84
FreshMart Distributors,Beverages,19,1828,29.65,19.76
TrustChain Supply,Cereals,19,448,3.47,1.7
TopLine Distributors,Cooking Oils,17,1088,33.51,22.35
NorthStar Logistics,Cooking Oils,15,70,24.08,16.62
GreatLakes Wholesale,Personal Care,10,1887,4.48,2.71
GreenValley Foods,Pet Food,6,626,13.87,7.22
WellStock Partners,Frozen Foods,19,1129,35.51,18.81
SafeHands Delivery,Condiments,10,1468,17.92,12.15
MidWest Distributors,Biscuits,16,495,34.74,18.42
DailyGoods Partners,Dairy Products,10,1205,9.99,4.28
QuickStock Supply Co,Condiments,16,1915,7.32,3.26
FairTrade Supply,Condiments,18,1574,44.81,22.03
FreshMart Distributors,Cleaning Products,9,56,35.27,20.9
MidWest Distributors,Baby Products,9,617,26.19,15.62
NorthStar Logistics,Rice,17,894,12.6,5.74
CorePath Trading,Condiments,19,1464,43.86,24.85
PrimeFresh Trading,Condiments,9,1946,33.17,19.73
GreatLakes Wholesale,Health Supplements,7,1351,22.7,13.82
GoldStar Wholesale,Bakery Items,19,203,17.32,11.59
TopLine Distributors,Chips,7,797,31.44,17.62
GreenValley Foods,Frozen Foods,4,459,18.79,7.87
GreenValley Foods,Cleaning Products,9,550,23.41,9.87
FairTrade Supply,Coffee,18,981,19.06,8.51
CorePath Trading,Rice,21,79,22.04,11.55
WellStock Partners,Personal Care,10,1136,23.63,9.48
WellStock Partners,Beverages,9,1253,5.33,2.9
QuickStock Supply Co,Frozen Foods,18,1095,30.61,16.32
ClearView Logistics,Cereals,21,1377,24.99,16.79
EveryDay Supply Co,Cereals,3,1641,25.69,11.47
MidWest Distributors,Frozen Foods,16,1373,43.04,18.46
PeakFresh Supply,Chips,13,561,27.32,12.94
SunRise Wholesale,Fresh Juice,20,1107,33.22,15.71
SunRise Wholesale,Frozen Foods,3,948,8.78,4.3
BlueLine Distributors,Fresh Juice,5,1810,31.04,15.59
MidWest Distributors,Personal Care,7,523,44.71,28.85
NorthStar Logistics,Coffee,19,110,4.31,2.47
NorthStar Logistics,Coffee,3,223,13.55,9.42
PacificRim Trading,Canned Goods,19,1867,44.8,21.35
SafeHands Delivery,Bakery Items,7,126,44.44,20.46
PeakFresh Supply,Canned Goods,11,1173,20.92,11.53
NorthStar Logistics,Frozen Foods,8,1721,21.02,12.49
GoldStar Wholesale,Fresh Juice,4,1032,41.81,26.8
ValuePack Wholesale,Tea,16,884,2.6,1.36
SunRise Wholesale,Condiments,21,1844,29.78,14.88
QuickStock Supply Co,Health Supplements,9,884,25.74,16.94
GreenValley Foods,Fresh Juice,13,1632,22.14,9.35
PeakFresh Supply,Chips,19,564,29.53,20.3
PeakFresh Supply,Sauces,9,1433,12.23,7.61
EastCoast Supply Co,Cooking Oils,15,1649,5.22,3.44
TrustChain Supply,Cooking Oils,9,751,22.46,12.23
CorePath Trading,Chocolate,13,1202,7.51,4.38
SteadyFlow Trading,Chocolate,9,897,4.71,3.26
SouthBay Distributors,Chocolate,8,950,14.19,7.98
EveryDay Supply Co,Frozen Foods,8,1603,28.45,19.83
GreenValley Foods,Rice,6,600,13.11,5.26
AllStar Wholesale,Sauces,17,1361,4.21,1.84
CorePath Trading,Chocolate,7,1315,15.98,10.99
GoldStar Wholesale,Biscuits,4,1920,18.81,8.14
FreshMart Distributors,Cereals,16,1526,19.38,12.19
EveryDay Supply Co,Rice,2,506,37.78,20.87
EastCoast Supply Co,Baby Products,2,672,10.8,5.15
ClearView Logistics,Frozen Foods,15,1301,40.3,22.76
FreshMart Distributors,Chocolate,14,702,15.38,6.71
BlueLine Distributors,Fresh Juice,5,1308,37.41,20.15
FreshMart Distributors,Coffee,18,473,28.67,13.25
QuickStock Supply Co,Cereals,6,1324,14.72,6.62
CorePath Trading,Cooking Oils,20,645,9.4,6.3
QuickStock Supply Co,Sauces,13,968,17.35,8.6
BrightPath Distributors,Chocolate,14,484,29.11,16.49
FreshMart Distributors,Personal Care,17,1421,34.05,13.65
SteadyFlow Trading,Sauces,3,1834,40.18,28.01
CorePath Trading,Condiments,18,1518,28.71,19.72
BrightPath Distributors,Bakery Items,3,1221,19.11,12.11
FairTrade Supply,Fresh Juice,14,1745,6.56,4.35
MidWest Distributors,Personal Care,4,1401,16.41,11.41
SafeHands Delivery,Sauces,14,92,36.5,16.4
BrightPath Distributors,Health Supplements,13,821,27.64,16.88
QuickStock Supply Co,Chocolate,4,650,10.76,6.75
GreatLakes Wholesale,Sauces,21,974,15.77,7.88
MidWest Distributors,Cooking Oils,10,855,35.66,18.38
DailyGoods Partners,Pasta,7,905,2.43,1.11
PacificRim Trading,Chocolate,19,372,36.86,18.18
WellStock Partners,Chips,15,1255,18.91,11.68
GoldStar Wholesale,Health Supplements,5,1102,21.78,10.8
GoldStar Wholesale,Snacks,11,271,14.08,5.72
PeakFresh Supply,Cereals,11,1128,20.85,10.43
ValuePack Wholesale,Baby Products,14,297,40.99,27.22
PacificRim Trading,Tea,21,165,39.17,17.53
FairTrade Supply,Dry Fruits,8,1850,2.46,1.46
BrightPath Distributors,Rice,8,1982,42.37,25.67
QuickStock Supply Co,Condiments,10,1790,32.51,16.23
SafeHands Delivery,Dry Fruits,21,1271,2.83,1.17
CityLink Logistics,Spices,14,843,35.5,23.28
GoldStar Wholesale,Coffee,6,1972,12.36,6.36
DailyGoods Partners,Fresh Juice,13,964,39.06,27.05
SafeHands Delivery,Health Supplements,4,1375,31.12,13.47
MidWest Distributors,Snacks,11,252,11.77,6.42
CorePath Trading,Sauces,17,1291,17.22,9.88
WellStock Partners,Cleaning Products,8,1572,7.09,4.86
TrustChain Supply,Dry Fruits,14,1031,10.99,4.66
PeakFresh Supply,Coffee,12,722,35.41,20.35
PrimeFresh Trading,Canned Goods,2,1765,27.81,13.91
TopLine Distributors,Beverages,7,1152,32.16,21.39
TrustChain Supply,Rice,8,1196,41.77,23.33
NorthStar Logistics,Chips,16,876,26.36,18.1
FastRoute Commerce,Personal Care,14,842,22.68,14.29
BlueLine Distributors,Fresh Juice,18,1287,44.57,23.05
PacificRim Trading,Beverages,18,1618,22.33,11.77
EveryDay Supply Co,Dairy Products,11,300,24.96,11.78
EveryDay Supply Co,Snacks,21,634,28.03,16.99
MidWest Distributors,Rice,10,1005,13.63,7.32
SafeHands Delivery,Canned Goods,13,664,13.36,8.26
CorePath Trading,Biscuits,15,180,4.15,2.08
SafeHands Delivery,Cleaning Products,7,1175,22.17,14.89
SafeHands Delivery,Spices,4,1836,28.19,16.44
SouthBay Distributors,Pasta,14,1683,1.82,0.97
CityLink Logistics,Biscuits,2,517,15.17,8.45
SmartShelf Trading,Dry Fruits,5,1434,40.83,23.19
ClearView Logistics,Cooking Oils,19,1063,22.39,8.96
FairTrade Supply,Coffee,13,110,6.12,3.51
TopLine Distributors,Dry Fruits,8,1766,36.42,21.43
SteadyFlow Trading,Sauces,16,1765,28.12,19.66
CorePath Trading,Health Supplements,11,1633,30.93,16.03
FastRoute Commerce,Dairy Products,17,1642,22.48,12.49
CityLink Logistics,Fresh Juice,15,1547,20.62,12.98
BlueLine Distributors,Fresh Juice,4,876,40.74,26.02
SunRise Wholesale,Biscuits,14,475,35.91,15.65
FreshMart Distributors,Condiments,6,1574,36.27,15.92
TopLine Distributors,Dry Fruits,18,912,14.69,8.56
NorthStar Logistics,Sauces,13,1707,37.39,21.32
SafeHands Delivery,Beverages,12,510,18.65,8.97
MidWest Distributors,Cereals,10,1203,29.77,14.47
ValuePack Wholesale,Bakery Items,16,828,8.91,5.98
ClearView Logistics,Snacks,4,1484,9.18,5.13
FastRoute Commerce,Pasta,18,384,24.67,16.66
MidWest Distributors,Personal Care,20,383,37.29,18.89
PacificRim Trading,Sauces,12,103,14.06,7.12
BlueLine Distributors,Fresh Juice,21,907,27.54,11.33
QuickStock Supply Co,Dry Fruits,7,1845,11.0,4.7
GreatLakes Wholesale,Spices,6,1700,14.57,9.98
GreatLakes Wholesale,Bakery Items,12,1355,21.34,11.83
TrustChain Supply,Health Supplements,6,996,19.91,10.46
PacificRim Trading,Dairy Products,7,1033,21.03,14.2
EastCoast Supply Co,Chips,8,1697,12.01,5.67
SteadyFlow Trading,Fresh Juice,21,686,40.85,16.58
GoldStar Wholesale,Pasta,10,1681,15.44,8.0
NorthStar Logistics,Dairy Products,15,1829,37.44,22.48
CityLink Logistics,Chips,13,158,33.31,16.14
FreshMart Distributors,Condiments,4,1144,14.85,8.77
GreatLakes Wholesale,Coffee,9,1418,9.36,4.89
EastCoast Supply Co,Canned Goods,8,573,29.1,15.38
WellStock Partners,Cooking Oils,11,929,34.03,14.91
TopLine Distributors,Snacks,9,1608,34.53,16.72
PeakFresh Supply,Tea,7,942,12.82,7.72
QuickStock Supply Co,Dry Fruits,18,1314,9.02,6.28
GreatLakes Wholesale,Dry Fruits,5,1878,14.55,6.74
SteadyFlow Trading,Condiments,12,1845,36.97,17.7
CityLink Logistics,Spices,15,306,37.58,21.04
PacificRim Trading,Fresh Juice,2,1066,31.67,17.52
EastCoast Supply Co,Pet Food,9,1651,43.14,23.81
WellStock Partners,Tea,12,1784,4.67,2.9
TrustChain Supply,Pet Food,3,998,30.76,18.01
BlueLine Distributors,Baby Products,12,87,17.78,11.79
GreatLakes Wholesale,Canned Goods,10,156,34.48,20.74
SteadyFlow Trading,Pet Food,10,905,32.49,13.76
GreenValley Foods,Sauces,21,97,30.29,17.97
PrimeFresh Trading,Bakery Items,21,1989,35.53,17.93
EveryDay Supply Co,Tea,8,1359,20.62,10.28
MidWest Distributors,Beverages,9,293,15.23,7.34
BrightPath Distributors,Cereals,21,1652,12.39,8.27
SunRise Wholesale,Canned Goods,19,83,31.43,14.97
FreshMart Distributors,Snacks,20,387,35.41,21.93
DailyGoods Partners,Bakery Items,20,776,42.13,17.46
CorePath Trading,Biscuits,17,547,2.16,1.42
TopLine Distributors,Condiments,20,105,38.44,18.14
TrustChain Supply,Cleaning Products,8,1986,9.6,5.63
GreatLakes Wholesale,Sauces,6,101,40.37,24.4
SunRise Wholesale,Health Supplements,13,1497,16.56,11.24
NorthStar Logistics,Canned Goods,18,667,27.9,14.27
MidWest Distributors,Cooking Oils,16,1168,31.58,20.54
MidWest Distributors,Cereals,21,547,27.7,17.5
DailyGoods Partners,Dairy Products,2,1234,31.17,13.21
GoldStar Wholesale,Chocolate,18,773,34.64,19.54
BlueLine Distributors,Frozen Foods,18,1975,38.71,23.37
EveryDay Supply Co,Spices,17,418,33.08,21.47
FastRoute Commerce,Dry Fruits,16,1111,10.14,6.13
QuickStock Supply Co,Biscuits,21,1201,20.3,10.32
ClearView Logistics,Chips,18,648,19.08,12.17
WellStock Partners,Baby Products,2,1755,21.11,10.3
PacificRim Trading,Fresh Juice,7,1420,15.39,9.6
ClearView Logistics,Tea,2,1884,10.6,4.74
PrimeFresh Trading,Biscuits,18,965,17.02,9.12
SteadyFlow Trading,Snacks,20,1180,39.37,23.6
GreenValley Foods,Coffee,12,1864,44.2,29.7
GreenValley Foods,Pasta,14,1674,40.4,27.2
GreatLakes Wholesale,Tea,11,476,26.77,15.79
EastCoast Supply Co,Pasta,19,564,22.38,12.27
SmartShelf Trading,Frozen Foods,3,355,14.46,9.23
EastCoast Supply Co,Pet Food,10,76,31.17,14.67
PrimeFresh Trading,Chips,17,215,41.04,24.45
FairTrade Supply,Personal Care,2,297,4.44,1.85
DailyGoods Partners,Pet Food,14,1050,41.08,23.95
ClearView Logistics,Dairy Products,14,1316,36.54,17.39
ValuePack Wholesale,Fresh Juice,4,1357,35.28,18.26
TopLine Distributors,Fresh Juice,10,1040,4.38,1.79
WellStock Partners,Chips,9,759,9.46,4.75
AllStar Wholesale,Canned Goods,2,1163,12.29,8.43
GreatLakes Wholesale,Pet Food,8,73,29.84,12.61
NorthStar Logistics,Dairy Products,18,503,9.26,4.62
EveryDay Supply Co,Snacks,3,1768,43.03,21.02
MidWest Distributors,Baby Products,14,1844,17.92,10.91
DailyGoods Partners,Snacks,19,823,2.55,1.25
GoldStar Wholesale,Personal Care,9,247,18.81,8.32
ValuePack Wholesale,Rice,14,1763,33.67,23.42
CorePath Trading,Bakery Items,3,829,3.6,1.86
PeakFresh Supply,Tea,9,1056,40.99,22.89
GreatLakes Wholesale,Dry Fruits,7,198,12.62,7.11
GreenValley Foods,Snacks,16,379,36.57,14.91
TopLine Distributors,Pasta,17,1321,36.73,23.86
FairTrade Supply,Snacks,5,1392,5.63,2.35
AllStar Wholesale,Pet Food,14,605,21.73,14.36
PeakFresh Supply,Baby Products,12,1154,28.9,15.5
AllStar Wholesale,Tea,20,93,40.06,25.71
FastRoute Commerce,Sauces,16,1833,33.18,19.58
SunRise Wholesale,Baby Products,10,1623,22.78,13.23
QuickStock Supply Co,Beverages,20,1608,28.38,16.62
EastCoast Supply Co,Cleaning Products,8,1570,37.37,20.36
BrightPath Distributors,Biscuits,14,694,8.56,5.4
GoldStar Wholesale,Beverages,11,696,38.01,17.41
GreatLakes Wholesale,Condiments,2,590,28.12,15.84
FreshMart Distributors,Tea,3,54,2.52,1.3
SunRise Wholesale,Tea,13,741,12.89,6.5
MidWest Distributors,Health Supplements,21,939,36.52,23.26
QuickStock Supply Co,Fresh Juice,8,1133,7.57,3.21
CorePath Trading,Canned Goods,8,157,9.87,6.34
BlueLine Distributors,Frozen Foods,4,1022,36.37,16.46
NorthStar Logistics,Cereals,9,1822,2.77,1.75
GreenValley Foods,Baby Products,10,1183,42.1,27.49
ClearView Logistics,Cleaning Products,2,1146,40.17,22.28
PeakFresh Supply,Health Supplements,4,269,8.73,4.45
FreshMart Distributors,Rice,11,1487,39.77,16.62
SteadyFlow Trading,Personal Care,16,1939,22.54,9.64
ValuePack Wholesale,Tea,5,1488,19.1,8.25
EveryDay Supply Co,Chocolate,5,1792,30.19,16.19
PeakFresh Supply,Fresh Juice,9,1919,17.48,7.44
ValuePack Wholesale,Fresh Juice,17,463,37.52,20.09
QuickStock Supply Co,Beverages,16,1616,1.79,0.93
PeakFresh Supply,Chocolate,15,611,19.73,12.26
BrightPath Distributors,Bakery Items,11,1018,40.06,20.23
SmartShelf Trading,Rice,15,1174,26.26,12.01
SafeHands Delivery,Rice,7,752,9.0,4.84
SouthBay Distributors,Sauces,19,1243,37.81,22.38
CorePath Trading,Health Supplements,17,1711,34.27,20.7
EveryDay Supply Co,Cooking Oils,4,844,28.75,14.83
FastRoute Commerce,Baby Products,7,1418,29.81,17.8
FairTrade Supply,Beverages,5,592,30.92,12.53
SmartShelf Trading,Cooking Oils,3,1440,20.64,12.26
QuickStock Supply Co,Cooking Oils,5,1321,28.03,14.41
TopLine Distributors,Cleaning Products,9,338,11.23,6.68
CorePath Trading,Coffee,6,739,32.72,17.2
WellStock Partners,Dairy Products,13,1357,43.46,25.32
WellStock Partners,Cooking Oils,9,521,36.49,20.13
BrightPath Distributors,Dairy Products,14,307,41.7,29.04
EastCoast Supply Co,Chips,2,939,9.56,5.93
BlueLine Distributors,Dairy Products,12,1523,31.76,16.6
GreenValley Foods,Personal Care,8,104,43.71,25.03
GreenValley Foods,Cooking Oils,4,1358,24.21,11.59
DailyGoods Partners,Pasta,20,469,19.22,9.54
BlueLine Distributors,Snacks,18,1071,20.77,12.23
SunRise Wholesale,Cereals,11,1047,7.81,5.24
TrustChain Supply,Bakery Items,15,999,18.36,7.86
GoldStar Wholesale,Coffee,11,544,2.4,1.25
CorePath Trading,Rice,6,1284,29.35,12.97
BlueLine Distributors,Cereals,11,1120,22.51,13.08
ClearView Logistics,Frozen Foods,20,1787,16.1,8.47
CityLink Logistics,Biscuits,20,132,25.71,12.97
BlueLine Distributors,Canned Goods,14,336,20.56,13.81
FastRoute Commerce,Bakery Items,7,741,24.17,10.62
SunRise Wholesale,Biscuits,16,855,44.25,20.66
FreshMart Distributors,Pasta,5,1325,20.74,13.69
TrustChain Supply,Pasta,16,921,16.34,7.43
SunRise Wholesale,Canned Goods,11,871,38.25,19.9
MidWest Distributors,Spices,5,894,27.28,11.46
AllStar Wholesale,Dairy Products,16,263,12.27,7.44
ValuePack Wholesale,Cleaning Products,19,658,15.76,9.34
FreshMart Distributors,Health Supplements,12,64,28.71,14.54
GreatLakes Wholesale,Tea,10,1448,15.96,8.91
GreenValley Foods,Coffee,15,909,15.09,8.12
BrightPath Distributors,Bakery Items,9,1167,30.49,13.28
SafeHands Delivery,Fresh Juice,3,1064,24.81,11.67
AllStar Wholesale,Dry Fruits,11,1157,9.18,6.2
MidWest Distributors,Canned Goods,10,792,7.02,4.55
MidWest Distributors,Pet Food,19,1149,6.66,4.41
TopLine Distributors,Condiments,13,1702,12.3,5.32
PeakFresh Supply,Health Supplements,13,687,19.22,12.34
PrimeFresh Trading,Bakery Items,20,1393,6.25,3.73
BrightPath Distributors,Personal Care,16,1820,11.17,6.62
TopLine Distributors,Dairy Products,7,1746,26.6,17.18
FastRoute Commerce,Spices,18,562,13.76,9.56
WellStock Partners,Beverages,5,325,21.45,9.05
GreatLakes Wholesale,Tea,17,1478,6.07,3.01
ClearView Logistics,Chocolate,12,448,37.5,21.77
EastCoast Supply Co,Chips,5,1444,21.11,10.16
EveryDay Supply Co,Pasta,2,1918,24.39,14.56
FreshMart Distributors,Pet Food,19,1268,33.41,15.03
ClearView Logistics,Snacks,14,585,37.52,21.82
SunRise Wholesale,Sauces,12,1188,34.07,13.96
WellStock Partners,Chips,9,1001,19.8,9.83
EastCoast Supply Co,Fresh Juice,12,1186,21.19,9.3
FreshMart Distributors,Frozen Foods,9,1176,39.72,19.7
CityLink Logistics,Fresh Juice,3,77,25.62,13.05
GoldStar Wholesale,Beverages,5,1817,24.37,13.78
FreshMart Distributors,Beverages,9,50,1.52,1.03
SafeHands Delivery,Biscuits,6,1168,43.79,28.88
FairTrade Supply,Coffee,7,1659,33.02,21.6
ValuePack Wholesale,Snacks,8,70,21.26,8.9
PacificRim Trading,Biscuits,4,1892,34.72,19.84
CityLink Logistics,Frozen Foods,8,1838,32.28,17.44
ClearView Logistics,Sauces,7,281,17.43,7.33
PacificRim Trading,Health Supplements,4,1234,44.66,18.66
FreshMart Distributors,Pet Food,6,980,33.42,19.58
CityLink Logistics,Health Supplements,21,681,38.43,26.12
TopLine Distributors,Biscuits,15,493,15.95,10.06
FastRoute Commerce,Rice,20,393,32.1,16.6
GoldStar Wholesale,Chips,19,1048,29.55,14.21
SteadyFlow Trading,Cooking Oils,21,231,3.81,1.68
SunRise Wholesale,Baby Products,9,1975,11.93,6.07
BlueLine Distributors,Chocolate,13,982,38.27,17.01
BlueLine Distributors,Cleaning Products,9,587,18.9,8.78
BlueLine Distributors,Dry Fruits,5,1867,20.41,12.22
FreshMart Distributors,Cooking Oils,12,1914,25.65,13.07
FreshMart Distributors,Health Supplements,6,1252,19.31,9.3
EveryDay Supply Co,Dry Fruits,3,1666,39.57,26.02
SouthBay Distributors,Dry Fruits,11,182,20.14,11.48
ClearView Logistics,Personal Care,7,1385,3.33,1.8
SunRise Wholesale,Chocolate,21,1447,33.28,14.27
SteadyFlow Trading,Pasta,19,215,36.72,20.88
SmartShelf Trading,Bakery Items,17,1332,8.54,4.13
MidWest Distributors,Chocolate,11,1147,33.63,16.18
TrustChain Supply,Snacks,3,1230,39.29,20.68
GoldStar Wholesale,Pet Food,18,864,16.58,9.32
FreshMart Distributors,Coffee,7,93,37.53,21.29
TopLine Distributors,Beverages,13,985,36.39,15.43
GreatLakes Wholesale,Coffee,11,1819,10.65,6.7
TopLine Distributors,Spices,16,708,31.32,18.71
SmartShelf Trading,Canned Goods,12,754,44.76,30.05
SunRise Wholesale,Cooking Oils,15,1074,2.57,1.56
TrustChain Supply,Fresh Juice,21,1542,2.08,0.9
WellStock Partners,Cleaning Products,19,277,7.06,3.27
PacificRim Trading,Canned Goods,10,1491,9.64,5.65
TopLine Distributors,Rice,17,1439,3.12,1.37
SouthBay Distributors,Cooking Oils,5,1221,31.63,16.38
ClearView Logistics,Tea,6,681,31.71,20.11
GreenValley Foods,Dry Fruits,13,1706,43.34,26.3
GreatLakes Wholesale,Frozen Foods,11,1140,22.35,10.88
NorthStar Logistics,Cereals,3,1983,31.35,14.54
SafeHands Delivery,Canned Goods,19,1285,2.79,1.63
PacificRim Trading,Personal Care,3,125,32.65,21.19
FastRoute Commerce,Pasta,16,679,28.8,17.35
BlueLine Distributors,Beverages,10,1871,35.21,14.57
ValuePack Wholesale,Frozen Foods,8,81,15.25,10.07
CorePath Trading,Cooking Oils,16,560,10.84,6.86
PeakFresh Supply,Biscuits,7,1956,23.3,12.68
AllStar Wholesale,Tea,13,1540,17.04,7.53
BlueLine Distributors,Fresh Juice,19,713,42.42,28.13
AllStar Wholesale,Beverages,15,1610,18.23,12.68
BlueLine Distributors,Coffee,18,393,30.12,14.85
BlueLine Distributors,Coffee,5,509,3.46,1.44
SteadyFlow Trading,Cooking Oils,10,879,29.39,14.76
FastRoute Commerce,Cereals,11,960,28.54,14.41
EveryDay Supply Co,Pasta,18,636,14.02,5.63
EastCoast Supply Co,Bakery Items,11,811,3.03,1.82
NorthStar Logistics,Condiments,8,1037,3.26,1.89
SteadyFlow Trading,Cleaning Products,5,1796,4.36,1.88
NorthStar Logistics,Cleaning Products,5,455,24.76,13.18
PacificRim Trading,Cooking Oils,21,763,15.67,7.58
CityLink Logistics,Chips,18,1973,5.99,2.74
GreatLakes Wholesale,Cleaning Products,6,641,4.83,2.9
SafeHands Delivery,Tea,4,215,24.11,15.87
WellStock Partners,Health Supplements,14,954,31.83,17.13
EastCoast Supply Co,Condiments,14,155,37.6,21.19
FreshMart Distributors,Chips,18,729,27.76,14.76
TrustChain Supply,Cereals,15,1224,34.98,18.93
SmartShelf Trading,Condiments,11,1638,22.38,13.63
BlueLine Distributors,Biscuits,20,484,32.62,17.14
NorthStar Logistics,Cleaning Products,4,1484,41.63,24.96
MidWest Distributors,Tea,14,678,43.59,21.57
TopLine Distributors,Snacks,19,649,9.72,6.19
PeakFresh Supply,Cleaning Products,12,382,33.07,22.21
SafeHands Delivery,Chips,3,1361,35.78,23.54
DailyGoods Partners,Personal Care,4,324,44.69,18.14
SteadyFlow Trading,Health Supplements,17,662,4.2,2.82
MidWest Distributors,Biscuits,11,1947,16.12,8.22
SunRise Wholesale,Tea,15,1223,15.46,8.81
EastCoast Supply Co,Bakery Items,7,901,23.94,11.21
CorePath Trading,Chocolate,9,973,39.21,16.97
BlueLine Distributors,Health Supplements,9,763,26.8,13.19
CityLink Logistics,Baby Products,9,1616,33.85,16.2
EveryDay Supply Co,Health Supplements,7,463,9.18,4.69
BlueLine Distributors,Snacks,7,641,16.62,10.82
QuickStock Supply Co,Bakery Items,14,416,36.78,19.85
SunRise Wholesale,Condiments,12,260,41.1,19.93
ValuePack Wholesale,Chocolate,15,461,7.32,4.47
ValuePack Wholesale,Condiments,5,1001,12.65,8.49
GreenValley Foods,Canned Goods,18,1572,4.73,3.26
FreshMart Distributors,Pet Food,17,844,11.61,5.68
DailyGoods Partners,Condiments,10,1442,19.56,8.89
GreatLakes Wholesale,Baby Products,14,476,12.19,6.22
TrustChain Supply,Dairy Products,14,1357,9.3,5.97
TopLine Distributors,Coffee,3,1712,8.94,3.98
AllStar Wholesale,Baby Products,4,600,30.99,21.29
FastRoute Commerce,Cooking Oils,5,1022,7.19,3.3
NorthStar Logistics,Chocolate,13,139,12.95,8.07
TopLine Distributors,Rice,19,794,8.87,3.68
GreatLakes Wholesale,Pet Food,6,1733,32.93,15.6
BrightPath Distributors,Cleaning Products,17,364,39.66,18.92
GreatLakes Wholesale,Spices,13,1694,36.88,17.38
SunRise Wholesale,Sauces,4,287,44.71,26.1
FreshMart Distributors,Pasta,13,1393,24.59,14.29
CorePath Trading,Cooking Oils,7,452,13.16,7.26
GreenValley Foods,Pet Food,13,907,25.96,17.41
TopLine Distributors,Cereals,9,734,17.42,8.84
FastRoute Commerce,Chocolate,13,1258,25.63,14.29
ValuePack Wholesale,Biscuits,10,1858,10.63,6.05
SafeHands Delivery,Rice,18,1668,18.45,10.48
GreenValley Foods,Cooking Oils,13,1050,32.45,15.01
PacificRim Trading,Condiments,18,56,21.55,14.91
ValuePack Wholesale,Sauces,14,51,26.64,12.97
BrightPath Distributors,Pasta,16,1861,41.04,16.74
SafeHands Delivery,Spices,2,732,19.44,12.67
AllStar Wholesale,Spices,18,1269,34.79,20.53
FairTrade Supply,Snacks,14,711,24.77,12.86
EveryDay Supply Co,Coffee,6,385,10.29,5.01
GreenValley Foods,Pasta,9,87,4.16,1.96
QuickStock Supply Co,Chips,5,1826,3.12,1.65
EveryDay Supply Co,Coffee,5,1563,38.38,19.75
FastRoute Commerce,Spices,20,210,34.64,22.14
QuickStock Supply Co,Rice,6,1756,3.65,2.38
GoldStar Wholesale,Sauces,5,323,36.98,17.19
GoldStar Wholesale,Fresh Juice,5,602,1.59,1.0
ClearView Logistics,Rice,12,660,7.43,3.55
SmartShelf Trading,Canned Goods,7,638,11.93,5.3
WellStock Partners,Canned Goods,3,80,2.68,1.23
SafeHands Delivery,Chocolate,21,400,25.19,15.15
TrustChain Supply,Personal Care,9,731,4.17,2.4
CorePath Trading,Chips,5,1512,42.04,21.05
SunRise Wholesale,Frozen Foods,21,710,43.83,19.06
CorePath Trading,Fresh Juice,7,1255,13.71,8.51
BlueLine Distributors,Pasta,15,1555,22.74,11.66
GreenValley Foods,Pet Food,19,1593,43.54,28.65
PacificRim Trading,Tea,16,1237,42.13,19.58
QuickStock Supply Co,Pasta,2,1180,9.73,5.77
GreenValley Foods,Dry Fruits,3,853,12.2,8.28
NorthStar Logistics,Snacks,6,1043,42.76,28.78
FairTrade Supply,Spices,15,1012,38.02,17.08
QuickStock Supply Co,Coffee,8,929,9.64,4.28
SteadyFlow Trading,Dry Fruits,19,1221,21.98,11.76
SafeHands Delivery,Condiments,19,1537,33.74,20.49
DailyGoods Partners,Chocolate,6,181,13.65,6.14
CityLink Logistics,Frozen Foods,7,378,42.66,28.0
DailyGoods Partners,Chocolate,4,453,23.25,15.77
CityLink Logistics,Baby Products,7,495,16.2,11.31
NorthStar Logistics,Canned Goods,17,1445,2.69,1.54
WellStock Partners,Rice,3,1847,32.78,14.06
TrustChain Supply,Rice,4,401,15.05,10.19
CityLink Logistics,Chips,6,565,36.78,18.99
TopLine Distributors,Beverages,18,1412,37.35,21.3
EveryDay Supply Co,Health Supplements,9,1903,39.54,23.46
GreenValley Foods,Pasta,15,1911,8.3,5.72
WellStock Partners,Condiments,8,1366,43.02,20.8
AllStar Wholesale,Condiments,12,1182,37.13,22.95
SouthBay Distributors,Cereals,8,1515,24.22,13.38
EveryDay Supply Co,Cooking Oils,21,213,33.31,21.38
SmartShelf Trading,Beverages,12,546,34.67,19.89
FairTrade Supply,Pasta,12,1199,22.48,12.84
GreenValley Foods,Chocolate,7,757,36.68,19.92
FastRoute Commerce,Frozen Foods,8,78,1.75,0.7
PeakFresh Supply,Dairy Products,19,942,27.73,13.62
EastCoast Supply Co,Rice,14,1445,21.35,11.53
ClearView Logistics,Pet Food,13,394,33.83,14.53
GoldStar Wholesale,Cereals,13,1373,18.07,9.2
GoldStar Wholesale,Cleaning Products,14,1220,7.43,4.84
SafeHands Delivery,Personal Care,2,1578,9.01,5.82
TopLine Distributors,Personal Care,13,1694,36.38,21.84
TrustChain Supply,Cleaning Products,5,1680,6.31,3.79
GreatLakes Wholesale,Pet Food,13,777,33.64,15.25
BrightPath Distributors,Dairy Products,6,915,30.2,16.12
GreatLakes Wholesale,Cleaning Products,18,103,35.69,24.27
EastCoast Supply Co,Pasta,3,1563,15.12,7.87
CorePath Trading,Snacks,9,460,19.96,9.58
EastCoast Supply Co,Rice,12,1605,10.14,6.23
FreshMart Distributors,Fresh Juice,12,604,38.49,23.85
ValuePack Wholesale,Fresh Juice,4,654,44.5,21.78
GreenValley Foods,Health Supplements,8,1029,4.6,2.05
EastCoast Supply Co,Health Supplements,10,439,36.08,14.9
QuickStock Supply Co,Spices,15,1142,12.26,8.25
SmartShelf Trading,Baby Products,13,543,33.11,22.66
FairTrade Supply,Frozen Foods,7,794,8.61,5.67
NorthStar Logistics,Pasta,20,959,13.76,7.77
GreenValley Foods,Fresh Juice,16,1382,28.73,14.78
BrightPath Distributors,Frozen Foods,18,897,28.79,19.02
GreenValley Foods,Tea,2,992,24.3,15.07
FairTrade Supply,Dairy Products,3,273,7.38,5.16
BrightPath Distributors,Chocolate,2,811,18.54,10.98
ValuePack Wholesale,Bakery Items,5,1563,23.65,11.64
EveryDay Supply Co,Cleaning Products,2,102,13.66,7.86
EastCoast Supply Co,Snacks,3,949,8.88,4.06
QuickStock Supply Co,Baby Products,11,1929,26.3,18.4
BrightPath Distributors,Chips,21,475,2.21,1.52
BrightPath Distributors,Snacks,10,225,7.16,2.99
GreenValley Foods,Personal Care,10,1452,43.6,18.42
MidWest Distributors,Cooking Oils,13,1659,1.91,0.81
FairTrade Supply,Chocolate,18,983,25.41,10.46
PeakFresh Supply,Beverages,15,961,43.55,22.09
PrimeFresh Trading,Pasta,5,592,24.22,12.2
QuickStock Supply Co,Spices,14,93,26.16,11.41
FairTrade Supply,Canned Goods,16,1021,3.75,1.68
SteadyFlow Trading,Pet Food,9,1155,18.39,7.93
SteadyFlow Trading,Bakery Items,5,212,40.96,21.72
PacificRim Trading,Baby Products,17,1782,5.69,2.63
AllStar Wholesale,Dry Fruits,8,589,6.37,3.3
ClearView Logistics,Fresh Juice,12,71,28.98,19.88
PacificRim Trading,Coffee,7,1989,15.32,7.12
PacificRim Trading,Health Supplements,3,1067,10.2,6.82
CityLink Logistics,Canned Goods,2,948,7.81,4.84
GoldStar Wholesale,Cleaning Products,11,707,36.9,23.04
BrightPath Distributors,Beverages,19,1109,20.51,13.07
FairTrade Supply,Dry Fruits,15,1430,27.29,13.52
FastRoute Commerce,Cereals,15,129,5.81,2.35
SouthBay Distributors,Chips,21,1227,11.83,5.0
PacificRim Trading,Chips,5,1983,35.13,22.88
SunRise Wholesale,Snacks,2,1711,27.39,16.57
PrimeFresh Trading,Frozen Foods,21,975,42.45,18.39
MidWest Distributors,Chips,6,1405,31.99,20.4
CityLink Logistics,Chocolate,18,966,38.81,19.09
QuickStock Supply Co,Spices,20,1818,40.82,23.95
MidWest Distributors,Cooking Oils,10,1352,9.84,6.03
EastCoast Supply Co,Snacks,6,879,20.05,11.9
CorePath Trading,Cereals,19,1968,32.38,19.03
PacificRim Trading,Sauces,15,1881,13.61,5.7
QuickStock Supply Co,Snacks,12,193,42.92,19.37
ClearView Logistics,Baby Products,6,1481,39.69,17.64
TrustChain Supply,Condiments,2,1557,20.03,10.84
SmartShelf Trading,Chocolate,9,1408,18.27,9.82
QuickStock Supply Co,Beverages,17,56,23.71,15.82
TrustChain Supply,Snacks,18,1298,35.97,21.22
QuickStock Supply Co,Health Supplements,9,441,33.79,14.5
AllStar Wholesale,Tea,20,415,3.88,1.76
FastRoute Commerce,Fresh Juice,14,221,37.55,19.38
CityLink Logistics,Beverages,4,963,37.44,25.28
EveryDay Supply Co,Spices,5,1441,7.61,4.52
PacificRim Trading,Sauces,3,1855,31.17,21.04
PeakFresh Supply,Chips,15,1639,6.3,2.69
FreshMart Distributors,Biscuits,10,53,30.79,18.09
FairTrade Supply,Chips,7,1398,30.0,20.51
CorePath Trading,Sauces,17,493,34.45,13.99
BlueLine Distributors,Fresh Juice,9,1868,36.49,16.99
EveryDay Supply Co,Dry Fruits,13,140,18.51,11.3
ClearView Logistics,Coffee,15,67,35.95,18.05
FreshMart Distributors,Chocolate,2,1378,3.11,2.02
GreenValley Foods,Personal Care,21,159,25.36,10.47
ClearView Logistics,Dry Fruits,7,788,3.59,2.2
SunRise Wholesale,Chocolate,3,769,44.28,30.51
GreatLakes Wholesale,Fresh Juice,11,688,36.3,20.89
FairTrade Supply,Rice,4,1778,7.02,3.25
QuickStock Supply Co,Sauces,3,811,2.06,0.94
ClearView Logistics,Pet Food,20,1299,43.64,23.22
QuickStock Supply Co,Chips,5,1611,28.92,12.52
GreatLakes Wholesale,Rice,21,1846,24.84,13.01
BlueLine Distributors,Pasta,21,79,11.81,7.69
QuickStock Supply Co,Tea,16,621,26.01,17.86
QuickStock Supply Co,Bakery Items,17,941,20.59,10.53
WellStock Partners,Personal Care,3,621,9.69,5.31
ClearView Logistics,Condiments,5,730,37.11,18.79
TopLine Distributors,Canned Goods,7,1321,15.52,9.54
FastRoute Commerce,Biscuits,14,123,40.96,28.02
GreenValley Foods,Condiments,15,1065,14.16,7.49
PacificRim Trading,Cooking Oils,14,1016,42.89,28.14
SunRise Wholesale,Spices,4,1869,15.22,7.27
WellStock Partners,Coffee,11,463,27.53,12.14
FreshMart Distributors,Chocolate,5,399,3.97,2.24
SunRise Wholesale,Health Supplements,2,474,22.93,9.78
FreshMart Distributors,Bakery Items,2,560,29.08,18.63
FreshMart Distributors,Chocolate,6,1784,11.91,8.0
EastCoast Supply Co,Pet Food,14,69,27.48,16.06
EveryDay Supply Co,Tea,13,1051,32.14,18.01
MidWest Distributors,Cooking Oils,5,1865,18.92,8.05
FreshMart Distributors,Coffee,14,583,15.09,10.09
GreenValley Foods,Pasta,9,1655,27.16,16.93
WellStock Partners,Sauces,4,939,43.2,19.11
WellStock Partners,Frozen Foods,16,1462,38.04,20.28
PeakFresh Supply,Bakery Items,2,747,13.18,7.83
PacificRim Trading,Snacks,7,1533,18.1,11.29
CityLink Logistics,Chocolate,11,1793,36.09,18.29
SteadyFlow Trading,Chips,6,1899,5.46,3.05
SteadyFlow Trading,Sauces,19,1088,36.66,24.6
PacificRim Trading,Dry Fruits,20,1888,10.95,5.01
EveryDay Supply Co,Tea,10,771,9.77,5.69
QuickStock Supply Co,Biscuits,3,410,11.65,5.69
SafeHands Delivery,Fresh Juice,4,1657,29.3,14.39
FastRoute Commerce,Baby Products,9,1421,30.9,16.45
FastRoute Commerce,Sauces,3,1320,43.66,18.28
SteadyFlow Trading,Tea,12,506,35.34,19.1
BrightPath Distributors,Tea,14,1593,10.9,6.09
DailyGoods Partners,Cleaning Products,10,418,32.41,13.12
CityLink Logistics,Rice,20,389,29.44,16.52
MidWest Distributors,Spices,7,1784,10.32,5.36
TopLine Distributors,Dairy Products,12,192,35.84,23.99
CityLink Logistics,Bakery Items,15,1057,19.04,7.64
BlueLine Distributors,Dry Fruits,15,140,5.36,2.75
GreatLakes Wholesale,Fresh Juice,12,1085,40.02,21.36
TopLine Distributors,Frozen Foods,11,315,33.47,21.9
AllStar Wholesale,Biscuits,6,1597,26.58,15.07
SteadyFlow Trading,Pasta,3,1336,30.17,18.6
ClearView Logistics,Spices,2,1461,11.62,6.65
NorthStar Logistics,Condiments,18,1859,40.87,25.5
NorthStar Logistics,Sauces,21,1597,2.49,1.09
TrustChain Supply,Rice,21,1137,18.52,7.65
SmartShelf Trading,Health Supplements,14,1675,15.89,7.43
TopLine Distributors,Biscuits,9,1823,4.84,2.9
DailyGoods Partners,Beverages,17,84,21.78,12.64
PrimeFresh Trading,Dry Fruits,3,1680,14.18,7.91
CorePath Trading,Chocolate,15,1982,2.5,1.27
BlueLine Distributors,Health Supplements,9,1917,43.32,29.41
TrustChain Supply,Spices,4,417,27.87,12.39
ClearView Logistics,Baby Products,10,760,13.39,5.71
DailyGoods Partners,Condiments,17,1197,24.16,11.87
CorePath Trading,Pet Food,11,346,39.93,16.26
MidWest Distributors,Rice,9,1127,38.22,15.81
DailyGoods Partners,Dry Fruits,13,1741,30.79,18.32
MidWest Distributors,Snacks,16,1091,20.11,10.74
SteadyFlow Trading,Spices,2,120,35.31,16.14
FairTrade Supply,Spices,17,1679,40.99,24.23
GreatLakes Wholesale,Sauces,3,1385,11.07,7.28
DailyGoods Partners,Condiments,14,189,13.21,9.14
CorePath Trading,Pasta,4,779,34.75,14.87
PeakFresh Supply,Baby Products,9,356,28.29,15.02
WellStock Partners,Dairy Products,10,1091,39.82,25.42
WellStock Partners,Frozen Foods,10,1386,12.03,5.9
SteadyFlow Trading,Dairy Products,16,1130,8.55,4.57
AllStar Wholesale,Baby Products,17,1020,10.33,6.49
QuickStock Supply Co,Pasta,14,110,4.98,2.99
SunRise Wholesale,Dairy Products,21,823,14.84,9.93
GreenValley Foods,Snacks,20,367,15.74,9.49
MidWest Distributors,Condiments,12,1948,27.62,18.68
EastCoast Supply Co,Canned Goods,16,1115,12.35,7.93
GoldStar Wholesale,Coffee,17,1030,18.14,8.67
ValuePack Wholesale,Cereals,11,1972,44.89,28.22
BrightPath Distributors,Cooking Oils,5,1864,9.91,4.77
GreatLakes Wholesale,Beverages,6,1138,29.67,13.32
EastCoast Supply Co,Cooking Oils,15,750,9.37,4.37
TopLine Distributors,Sauces,17,791,18.4,9.87
SunRise Wholesale,Pasta,12,1430,37.38,15.11
SunRise Wholesale,Rice,20,1348,43.64,27.35
EveryDay Supply Co,Cereals,21,969,17.21,8.73
FastRoute Commerce,Sauces,11,1336,42.35,19.24
GreenValley Foods,Chips,10,947,2.96,1.41
TrustChain Supply,Coffee,14,783,23.44,14.36
DailyGoods Partners,Dry Fruits,2,189,42.6,26.35
SafeHands Delivery,Sauces,21,386,37.81,15.83
PacificRim Trading,Cereals,18,1156,15.91,9.81
PacificRim Trading,Chocolate,16,178,38.53,19.49
WellStock Partners,Chocolate,9,605,29.84,17.74
TrustChain Supply,Cereals,2,319,37.3,21.86
TopLine Distributors,Tea,9,1174,15.33,7.38
PacificRim Trading,Frozen Foods,10,174,8.28,5.54
SunRise Wholesale,Pasta,19,1616,1.82,1.11
BlueLine Distributors,Chocolate,14,1488,32.99,19.41
WellStock Partners,Biscuits,21,145,24.96,13.36
DailyGoods Partners,Pasta,7,1048,8.7,4.63
SafeHands Delivery,Bakery Items,5,768,20.88,11.21
CorePath Trading,Biscuits,4,749,40.18,17.55
GreatLakes Wholesale,Sauces,7,183,33.71,15.62
SouthBay Distributors,Coffee,4,530,33.78,20.83
DailyGoods Partners,Dairy Products,11,91,31.89,22.14
GreatLakes Wholesale,Dairy Products,20,1464,38.19,19.83
PeakFresh Supply,Pet Food,5,918,8.88,5.54
TopLine Distributors,Sauces,21,1533,25.23,15.56
ClearView Logistics,Baby Products,15,1032,39.78,20.61
SouthBay Distributors,Baby Products,4,1078,7.53,3.72
EveryDay Supply Co,Cleaning Products,7,307,12.71,6.63
GreatLakes Wholesale,Biscuits,15,951,3.35,2.03
PrimeFresh Trading,Sauces,16,238,29.25,16.25
EveryDay Supply Co,Cooking Oils,16,1298,7.63,4.1
AllStar Wholesale,Health Supplements,7,443,43.11,30.13
SmartShelf Trading,Chocolate,3,103,35.65,16.28
SunRise Wholesale,Dairy Products,9,1641,20.7,9.84
TrustChain Supply,Canned Goods,11,1029,37.71,24.34
PrimeFresh Trading,Dairy Products,13,1843,15.19,10.6
PacificRim Trading,Frozen Foods,4,1191,6.43,3.66
QuickStock Supply Co,Tea,4,1651,27.76,11.12
EastCoast Supply Co,Beverages,15,984,22.04,11.64
TopLine Distributors,Dry Fruits,8,1743,39.37,18.22
MidWest Distributors,Sauces,11,690,12.1,5.55
NorthStar Logistics,Rice,7,764,15.52,6.25
FastRoute Commerce,Cooking Oils,9,547,31.7,19.7
FairTrade Supply,Frozen Foods,4,117,5.86,2.94
BrightPath Distributors,Health Supplements,14,973,15.75,10.34
QuickStock Supply Co,Rice,20,1255,30.58,15.52
EveryDay Supply Co,Pet Food,16,1015,3.34,1.43
MidWest Distributors,Coffee,2,788,20.14,12.03
ValuePack Wholesale,Cooking Oils,19,451,9.62,4.04
TrustChain Supply,Condiments,12,677,17.63,11.31
PacificRim Trading,Condiments,14,1841,21.98,12.16
TopLine Distributors,Cereals,15,1075,20.36,10.71
PacificRim Trading,Rice,11,1523,14.96,8.59
GreatLakes Wholesale,Bakery Items,2,1405,19.07,13.09
SunRise Wholesale,Canned Goods,15,1810,21.01,9.62
ValuePack Wholesale,Cleaning Products,2,822,37.2,23.63
TrustChain Supply,Canned Goods,20,653,7.89,4.6
ValuePack Wholesale,Pet Food,4,233,28.22,12.77
SafeHands Delivery,Pasta,8,1365,34.61,20.39
GreenValley Foods,Fresh Juice,21,1409,22.52,15.09
GreenValley Foods,Chips,20,1561,10.51,5.72
PacificRim Trading,Bakery Items,5,333,42.0,19.52
ValuePack Wholesale,Baby Products,20,1309,23.48,13.53
EastCoast Supply Co,Dry Fruits,3,264,17.56,7.04
TopLine Distributors,Pet Food,13,1323,16.7,8.17
PeakFresh Supply,Dairy Products,15,1194,44.46,18.6
ClearView Logistics,Sauces,18,120,42.83,17.62
FairTrade Supply,Beverages,2,1820,43.8,26.48
WellStock Partners,Pasta,15,1116,2.24,1.44
SunRise Wholesale,Condiments,5,1729,39.31,18.96
SouthBay Distributors,Cereals,15,51,41.33,22.65
DailyGoods Partners,Frozen Foods,5,1556,39.88,17.38
AllStar Wholesale,Pasta,20,730,28.45,17.69
ClearView Logistics,Dry Fruits,6,1233,5.07,3.07
SmartShelf Trading,Baby Products,5,1271,17.98,12.54
GreatLakes Wholesale,Dry Fruits,3,1283,39.1,18.4
BrightPath Distributors,Dairy Products,17,1367,19.61,13.46
EveryDay Supply Co,Canned Goods,2,1911,38.08,19.44
EveryDay Supply Co,Rice,19,1349,10.37,5.39
GreatLakes Wholesale,Chips,2,1872,39.7,16.77
EastCoast Supply Co,Chocolate,2,269,34.4,17.27
EastCoast Supply Co,Personal Care,8,1569,19.61,11.52
BrightPath Distributors,Condiments,21,663,17.33,11.32
DailyGoods Partners,Cleaning Products,10,1882,27.94,12.92
GreenValley Foods,Beverages,20,897,2.95,1.28
DailyGoods Partners,Spices,8,1696,28.94,20.04
FreshMart Distributors,Cooking Oils,9,416,36.06,18.14
PeakFresh Supply,Baby Products,7,1948,14.91,10.39
GoldStar Wholesale,Biscuits,19,1374,43.53,28.12
GoldStar Wholesale,Beverages,11,1270,23.05,11.05
TrustChain Supply,Biscuits,12,710,17.0,11.85
TopLine Distributors,Sauces,20,1549,10.65,6.55
GreenValley Foods,Spices,16,1599,35.99,24.69
BrightPath Distributors,Bakery Items,4,1917,29.35,13.54
DailyGoods Partners,Chips,5,1333,1.56,0.86
SunRise Wholesale,Chips,4,1470,18.75,11.83
CorePath Trading,Tea,2,1328,39.23,27.27
ValuePack Wholesale,Dairy Products,18,1921,37.71,22.74
PacificRim Trading,Sauces,18,1842,32.65,15.62
DailyGoods Partners,Dry Fruits,10,345,27.16,11.13
MidWest Distributors,Chocolate,18,1252,44.44,22.13
SouthBay Distributors,Biscuits,12,1041,23.86,10.97
WellStock Partners,Biscuits,3,442,22.3,10.35
CorePath Trading,Condiments,4,364,3.75,2.59
MidWest Distributors,Biscuits,15,1210,29.45,14.48
AllStar Wholesale,Condiments,3,985,12.46,6.7
GoldStar Wholesale,Dairy Products,8,574,43.91,27.09
AllStar Wholesale,Health Supplements,5,1942,13.41,6.65
FairTrade Supply,Dairy Products,19,256,12.06,7.88
NorthStar Logistics,Dairy Products,17,1849,2.96,1.22
TrustChain Supply,Chocolate,13,673,33.17,14.35
PacificRim Trading,Pet Food,6,1446,9.87,4.69
SouthBay Distributors,Bakery Items,2,1841,33.04,16.04
SteadyFlow Trading,Frozen Foods,12,719,39.96,24.37
NorthStar Logistics,Canned Goods,12,1774,17.21,7.29
TrustChain Supply,Bakery Items,6,1408,43.3,27.23
SunRise Wholesale,Baby Products,20,1160,20.88,8.74
EastCoast Supply Co,Snacks,21,440,30.27,13.21
ValuePack Wholesale,Chips,10,270,23.09,12.22
PrimeFresh Trading,Bakery Items,11,1104,43.67,19.53
SunRise Wholesale,Health Supplements,3,1276,19.17,9.64
SunRise Wholesale,Canned Goods,15,1715,4.82,2.11
EastCoast Supply Co,Fresh Juice,20,661,23.96,16.17
PacificRim Trading,Cleaning Products,3,53,4.85,2.18
DailyGoods Partners,Cereals,2,301,19.76,11.34
NorthStar Logistics,Spices,13,1331,44.43,26.44
GreatLakes Wholesale,Cereals,7,503,25.35,15.06
DailyGoods Partners,Sauces,18,679,5.83,2.75
BrightPath Distributors,Sauces,7,408,36.38,14.8
CorePath Trading,Pasta,21,1367,3.93,2.73
BlueLine Distributors,Personal Care,20,1644,29.37,14.77
SmartShelf Trading,Cooking Oils,2,1309,34.7,23.46
TrustChain Supply,Frozen Foods,18,1362,4.49,2.53
NorthStar Logistics,Canned Goods,12,2000,20.88,9.47
FreshMart Distributors,Health Supplements,18,1054,9.55,4.64
SouthBay Distributors,Bakery Items,3,1755,42.3,24.32
SouthBay Distributors,Cooking Oils,16,1903,39.31,21.73
EastCoast Supply Co,Baby Products,4,814,16.27,6.95
BrightPath Distributors,Chips,13,1520,43.9,22.41
SmartShelf Trading,Fresh Juice,10,555,28.77,12.72
PrimeFresh Trading,Coffee,8,312,25.5,11.28
SunRise Wholesale,Chocolate,17,1946,29.48,13.31
GoldStar Wholesale,Snacks,7,96,40.26,23.56
ClearView Logistics,Tea,7,836,15.17,6.55
ClearView Logistics,Cereals,10,348,2.92,1.72
EastCoast Supply Co,Coffee,18,1593,6.34,4.42
PrimeFresh Trading,Rice,13,1610,39.06,17.23
AllStar Wholesale,Cereals,3,497,4.13,1.82
PacificRim Trading,Dairy Products,9,82,2.16,0.94
QuickStock Supply Co,Rice,15,669,37.73,17.19
BrightPath Distributors,Cereals,16,1365,22.3,13.46
TopLine Distributors,Beverages,13,737,30.37,17.77
FairTrade Supply,Canned Goods,17,1021,2.52,1.51
PeakFresh Supply,Snacks,11,1203,21.79,12.79
ClearView Logistics,Coffee,21,1245,33.52,18.62
SafeHands Delivery,Health Supplements,7,769,19.02,10.98
ClearView Logistics,Pet Food,11,209,4.27,2.15
PacificRim Trading,Tea,15,1660,14.11,8.28
SafeHands Delivery,Frozen Foods,16,1497,19.03,8.86
PeakFresh Supply,Chocolate,2,1986,3.24,1.41
PrimeFresh Trading,Dry Fruits,11,1072,15.17,9.06
SunRise Wholesale,Cooking Oils,7,312,3.48,1.46
GreatLakes Wholesale,Coffee,2,1549,13.77,6.04
WellStock Partners,Cooking Oils,20,1534,11.22,6.67
SouthBay Distributors,Canned Goods,8,1614,25.51,16.39
FastRoute Commerce,Condiments,5,882,40.43,27.69
PeakFresh Supply,Sauces,21,1851,30.4,14.96
BrightPath Distributors,Fresh Juice,20,1046,3.23,1.4
SmartShelf Trading,Chocolate,20,726,40.54,25.85
PrimeFresh Trading,Cooking Oils,17,1166,40.76,17.87
EveryDay Supply Co,Snacks,8,1063,6.61,3.93
SouthBay Distributors,Chocolate,14,71,9.41,4.61
DailyGoods Partners,Sauces,7,1532,38.06,19.09
BlueLine Distributors,Biscuits,11,1506,17.87,10.26
DailyGoods Partners,Tea,4,1713,13.73,8.16
CorePath Trading,Cooking Oils,2,1113,30.65,15.54
WellStock Partners,Tea,4,188,40.17,25.94
CorePath Trading,Chocolate,10,1344,14.85,6.16
ValuePack Wholesale,Baby Products,17,1740,12.83,7.09
TrustChain Supply,Frozen Foods,10,678,42.27,22.51
EastCoast Supply Co,Condiments,14,848,20.11,8.36
BrightPath Distributors,Biscuits,14,1659,44.93,24.15
PrimeFresh Trading,Biscuits,18,205,19.21,10.72
FairTrade Supply,Coffee,16,1370,11.08,7.17
SafeHands Delivery,Rice,20,905,20.56,11.42
BrightPath Distributors,Cooking Oils,6,997,40.48,24.59
FastRoute Commerce,Cleaning Products,5,1361,23.97,15.36
BlueLine Distributors,Bakery Items,12,900,23.05,15.13
PrimeFresh Trading,Condiments,12,617,28.81,19.08
AllStar Wholesale,Spices,16,1273,21.37,13.72
FairTrade Supply,Tea,21,1654,32.78,17.79
SafeHands Delivery,Cleaning Products,3,1754,14.93,8.84
SteadyFlow Trading,Condiments,2,90,4.6,2.11
SunRise Wholesale,Pasta,5,359,21.98,15.13
EveryDay Supply Co,Frozen Foods,5,1357,9.48,5.57
AllStar Wholesale,Sauces,16,1464,7.03,2.92
AllStar Wholesale,Spices,7,718,38.53,16.62
CorePath Trading,Rice,19,777,20.25,9.05
ClearView Logistics,Sauces,11,1918,8.27,5.49
TrustChain Supply,Condiments,16,680,8.22,5.12
MidWest Distributors,Canned Goods,2,428,7.03,3.39
FreshMart Distributors,Fresh Juice,11,1902,26.33,10.86
CityLink Logistics,Sauces,12,370,32.56,22.34
GreatLakes Wholesale,Personal Care,5,1533,13.62,7.33
GreenValley Foods,Dry Fruits,15,974,42.85,22.78
AllStar Wholesale,Snacks,3,1224,11.88,5.33
PrimeFresh Trading,Baby Products,20,751,18.45,12.03
SmartShelf Trading,Condiments,7,171,17.79,7.12
FairTrade Supply,Cooking Oils,3,862,40.37,20.85
ClearView Logistics,Bakery Items,12,1924,25.03,11.91
TopLine Distributors,Cooking Oils,6,495,18.77,10.78
TrustChain Supply,Dairy Products,5,1904,33.81,21.64
MidWest Distributors,Personal Care,7,117,24.89,12.76
NorthStar Logistics,Baby Products,3,659,4.04,2.57
ValuePack Wholesale,Cereals,7,247,37.89,16.52
EastCoast Supply Co,Tea,12,305,27.7,15.01
MidWest Distributors,Frozen Foods,20,885,2.69,1.5
AllStar Wholesale,Cereals,4,1994,13.27,8.48
TrustChain Supply,Frozen Foods,7,117,23.04,9.54
BrightPath Distributors,Condiments,4,1667,31.29,21.26
SafeHands Delivery,Frozen Foods,7,343,25.92,12.34
SouthBay Distributors,Dry Fruits,12,1918,23.54,10.78
NorthStar Logistics,Coffee,11,386,25.02,12.99
QuickStock Supply Co,Coffee,14,1865,31.56,17.09
PacificRim Trading,Chocolate,16,487,40.89,25.72
BlueLine Distributors,Snacks,5,262,4.27,1.97
ClearView Logistics,Cooking Oils,7,1457,42.14,18.76
DailyGoods Partners,Chocolate,9,795,41.69,18.73
DailyGoods Partners,Tea,17,736,3.42,1.66
BlueLine Distributors,Beverages,14,1387,12.03,5.49
TrustChain Supply,Biscuits,21,867,25.38,13.27
TrustChain Supply,Bakery Items,7,906,6.06,3.74
AllStar Wholesale,Spices,11,315,21.82,10.35
TopLine Distributors,Chips,20,1010,3.92,1.71
GreatLakes Wholesale,Rice,14,208,33.74,19.7
FairTrade Supply,Pet Food,3,688,22.1,11.36
GreenValley Foods,Canned Goods,21,1805,20.09,12.6
ClearView Logistics,Cooking Oils,10,651,5.09,3.18
SunRise Wholesale,Pasta,8,1052,21.72,8.9
SmartShelf Trading,Personal Care,15,988,41.72,17.1
FreshMart Distributors,Condiments,12,896,35.37,22.98
FastRoute Commerce,Tea,7,1592,13.43,8.06
SunRise Wholesale,Spices,14,69,14.29,8.97
GreatLakes Wholesale,Cooking Oils,4,224,26.95,11.03
NorthStar Logistics,Spices,14,1549,11.74,7.73
TopLine Distributors,Sauces,17,1289,4.6,2.0
EastCoast Supply Co,Coffee,18,739,6.46,3.26
WellStock Partners,Frozen Foods,16,415,36.15,20.77
NorthStar Logistics,Dry Fruits,11,1983,7.57,3.36
GreatLakes Wholesale,Dry Fruits,6,1942,16.64,9.38
QuickStock Supply Co,Biscuits,16,726,35.89,19.51
SouthBay Distributors,Sauces,4,1053,19.13,11.55
CityLink Logistics,Frozen Foods,10,1817,41.25,21.0
BlueLine Distributors,Chocolate,9,942,20.33,11.18
GoldStar Wholesale,Condiments,9,1407,13.79,7.64
FairTrade Supply,Condiments,17,1097,10.99,7.2
PrimeFresh Trading,Cooking Oils,20,423,38.56,20.22
NorthStar Logistics,Sauces,18,98,25.08,10.2
EveryDay Supply Co,Cooking Oils,15,737,11.88,4.84
CityLink Logistics,Canned Goods,17,796,2.09,0.96
PeakFresh Supply,Personal Care,2,625,21.96,8.82
ValuePack Wholesale,Biscuits,3,530,40.42,21.66
QuickStock Supply Co,Pasta,6,1447,6.35,4.07
BrightPath Distributors,Tea,7,1071,37.51,17.57
CityLink Logistics,Cleaning Products,6,1453,19.23,11.87
BlueLine Distributors,Dry Fruits,10,1840,26.32,12.58
CorePath Trading,Fresh Juice,6,1300,12.22,7.56
FastRoute Commerce,Sauces,20,1836,43.52,20.21
SunRise Wholesale,Rice,2,1440,22.0,14.07
BlueLine Distributors,Dairy Products,21,1747,16.53,9.1
ClearView Logistics,Personal Care,15,1934,4.78,2.63
EveryDay Supply Co,Chocolate,2,1278,24.74,15.27
TrustChain Supply,Beverages,21,475,11.55,7.13
SafeHands Delivery,Canned Goods,10,1642,14.64,9.5
CityLink Logistics,Coffee,13,1283,12.77,6.6
FastRoute Commerce,Canned Goods,17,417,9.56,4.25
MidWest Distributors,Spices,13,537,7.85,3.26
PrimeFresh Trading,Sauces,21,1821,26.66,16.88
CityLink Logistics,Chips,16,569,17.22,7.33
TopLine Distributors,Sauces,12,1718,32.05,20.33
QuickStock Supply Co,Fresh Juice,2,1169,18.86,11.93
BrightPath Distributors,Chips,12,1849,6.12,2.81
PeakFresh Supply,Fresh Juice,2,1994,33.49,16.82
SafeHands Delivery,Spices,6,1363,26.51,13.75
BrightPath Distributors,Coffee,4,1443,5.57,2.37
SouthBay Distributors,Canned Goods,2,978,8.24,5.12
PrimeFresh Trading,Chips,4,1150,12.94,6.73
SouthBay Distributors,Cooking Oils,3,1637,19.37,9.01
EveryDay Supply Co,Health Supplements,18,746,44.86,28.55
NorthStar Logistics,Tea,15,1378,39.52,20.02
SmartShelf Trading,Pet Food,20,204,42.46,24.59
EastCoast Supply Co,Fresh Juice,20,956,19.16,11.92
ValuePack Wholesale,Condiments,14,612,44.28,25.31
EveryDay Supply Co,Cooking Oils,5,1785,14.09,7.54
FreshMart Distributors,Baby Products,10,453,40.1,19.07
ValuePack Wholesale,Rice,21,262,38.54,17.21
DailyGoods Partners,Bakery Items,17,1008,21.92,10.55
GreatLakes Wholesale,Pasta,6,420,7.81,5.13
TopLine Distributors,Rice,6,1372,6.19,3.81
EveryDay Supply Co,Coffee,8,1101,5.53,3.43
MidWest Distributors,Personal Care,20,107,41.38,19.75
DailyGoods Partners,Bakery Items,16,719,5.89,3.53
EveryDay Supply Co,Cooking Oils,19,534,33.2,16.54
BlueLine Distributors,Baby Products,8,531,8.82,3.8
BrightPath Distributors,Spices,8,1557,43.08,18.36
DailyGoods Partners,Spices,15,1548,10.28,6.18
BrightPath Distributors,Cereals,4,1476,20.62,8.73
TopLine Distributors,Cleaning Products,4,1880,45.0,21.11
MidWest Distributors,Condiments,13,584,20.91,8.9
AllStar Wholesale,Pasta,8,547,42.25,24.93
GreatLakes Wholesale,Frozen Foods,12,669,6.19,3.96
GoldStar Wholesale,Chips,6,1461,30.82,12.63
SouthBay Distributors,Biscuits,6,1216,42.68,24.65
FairTrade Supply,Pasta,12,1632,25.47,10.51
SouthBay Distributors,Chocolate,11,759,21.55,12.98
PeakFresh Supply,Chips,5,1599,26.04,15.45
QuickStock Supply Co,Fresh Juice,7,806,42.45,24.58
DailyGoods Partners,Bakery Items,11,709,12.32,6.47
PrimeFresh Trading,Condiments,8,1935,24.0,12.72
MidWest Distributors,Cereals,15,1004,31.62,20.7
QuickStock Supply Co,Fresh Juice,5,929,37.43,18.55
FastRoute Commerce,Cereals,16,1446,2.36,1.48
MidWest Distributors,Health Supplements,9,833,21.93,9.61
WellStock Partners,Pasta,17,58,19.67,12.31
PacificRim Trading,Cooking Oils,9,1697,4.9,2.12
MidWest Distributors,Chocolate,21,669,38.75,23.21
NorthStar Logistics,Dry Fruits,16,337,44.45,23.46
ValuePack Wholesale,Snacks,10,232,25.63,11.56
DailyGoods Partners,Dairy Products,21,1598,44.03,26.13
GreatLakes Wholesale,Tea,19,1945,40.01,21.43
FairTrade Supply,Health Supplements,19,838,31.53,17.26
TrustChain Supply,Beverages,5,1294,37.2,22.0
AllStar Wholesale,Cereals,5,977,43.89,21.85
FreshMart Distributors,Pasta,14,1766,5.97,2.59
WellStock Partners,Cereals,19,1781,33.39,22.68
GreenValley Foods,Cereals,21,1837,21.77,14.23
CorePath Trading,Spices,11,757,20.64,13.32
ClearView Logistics,Snacks,20,652,5.37,2.36
SouthBay Distributors,Personal Care,3,1312,16.84,7.73
TopLine Distributors,Baby Products,3,496,23.66,14.05
CityLink Logistics,Chocolate,18,431,9.76,6.66
ValuePack Wholesale,Dry Fruits,21,925,22.65,10.53
EastCoast Supply Co,Rice,8,1961,17.11,10.43
TopLine Distributors,Cooking Oils,21,1235,6.2,3.61
GreatLakes Wholesale,Pet Food,16,888,12.25,6.23
SouthBay Distributors,Sauces,20,353,7.67,4.71
WellStock Partners,Pasta,9,1048,31.62,14.51
NorthStar Logistics,Frozen Foods,18,1068,5.72,3.08
PrimeFresh Trading,Fresh Juice,13,1813,10.73,6.34
SmartShelf Trading,Pet Food,12,760,44.01,25.6
SouthBay Distributors,Cooking Oils,3,920,30.45,16.94
SteadyFlow Trading,Chocolate,6,1292,12.97,6.8
MidWest Distributors,Snacks,21,1225,33.3,20.35
BlueLine Distributors,Spices,12,1472,28.81,12.57
EveryDay Supply Co,Condiments,21,662,41.19,17.53
GreatLakes Wholesale,Chips,5,589,8.41,3.54
TrustChain Supply,Rice,3,1237,18.96,12.38
ValuePack Wholesale,Rice,6,1176,43.0,21.85
TrustChain Supply,Snacks,11,96,42.76,21.85
FairTrade Supply,Personal Care,17,1353,31.55,22.01
MidWest Distributors,Beverages,8,804,12.44,6.7
NorthStar Logistics,Cereals,3,977,35.84,21.42
SafeHands Delivery,Chips,21,1050,15.44,9.27
FreshMart Distributors,Chips,2,859,32.12,16.26
EastCoast Supply Co,Bakery Items,21,1792,13.81,7.54
EastCoast Supply Co,Cereals,10,1996,36.51,15.73
FairTrade Supply,Snacks,10,292,32.48,13.6
GreenValley Foods,Chocolate,6,1204,8.09,3.36
ValuePack Wholesale,Spices,4,1600,31.95,18.71
FreshMart Distributors,Frozen Foods,20,1459,16.98,7.12
FairTrade Supply,Dairy Products,11,953,12.67,7.63
PacificRim Trading,Tea,7,1313,26.39,16.16
AllStar Wholesale,Spices,6,542,22.45,10.24
SmartShelf Trading,Beverages,10,1305,43.27,23.73
CorePath Trading,Health Supplements,11,691,17.89,10.08
BrightPath Distributors,Canned Goods,14,524,10.01,6.48
FastRoute Commerce,Pet Food,19,1164,40.29,26.8
PacificRim Trading,Fresh Juice,12,185,26.33,10.86
WellStock Partners,Rice,19,459,35.95,20.41
BrightPath Distributors,Dairy Products,8,134,6.61,4.22
NorthStar Logistics,Personal Care,10,1404,38.81,18.59
EveryDay Supply Co,Snacks,8,799,29.29,16.69
PacificRim Trading,Rice,5,1043,31.2,19.4
ClearView Logistics,Condiments,8,633,32.75,19.5
